building,building_id,floorIndex,poiType,poiTypeId,poiName,poiTitleEn,capacity,email,x,y,sensor,sensorCnt
NL-UTC-UTRECHTLR,200,4,Comfort,1200,UTRECHTLR_Floor 4_CFS_7,N.4.06,,,1781.570297,2613.965522,eui-3135343053376d11,1
NL-UTC-UTRECHTLR,200,4,Comfort,1200,UTRECHTLR_Floor 4_CFS_6,Z.4.01,,,513.2488843,4132.559287,eui-3135343063377011,1
NL-UTC-UTRECHTLR,200,4,Comfort,1200,UTRECHTLR_Floor 4_CFS_5,Z.4.06,,,2121.202338,4391.639297,eui-3135343056377311,1
NL-UTC-UTRECHTLR,200,4,Comfort,1200,UTRECHTLR_Floor 4_CFS_4,N.4.14,,,4508.575308,2442.533804,eui-313534307c377011,1
NL-UTC-UTRECHTLR,200,4,Comfort,1200,UTRECHTLR_Floor 4_CFS_2,N.4.20,,,6493.634531,2236.995344,eui-3135343069376911,1
NL-UTC-UTRECHTLR,200,4,Comfort,1200,UTRECHTLR_Floor 4_CFS_1,M.4.12,,,4021.298715,3490.830855,eui-3135343051377211,1
NL-UTC-UTRECHTLR,200,4,room_conference,4,NL-UTC-UTRECHTLROF_CDM_7_209042,Z.4.10.4,8,cr.nl.utrz.4.10.4@capgemini.com,3327.86015,3975.543908,eui-3334373958376209,1
NL-UTC-UTRECHTLR,200,4,room_conference,4,NL-UTC-UTRECHTLROF_CDM_7_209041,Z.4.10.3,8,cr.nl.utrz.4.10.3@capgemini.com,3141.818471,3984.385028,eui-3334373964376e09,1
NL-UTC-UTRECHTLR,200,4,room_conference,4,NL-UTC-UTRECHTLROF_CDM_7_208939,N.4.21.4,10,cr.nl.utrn.4.21.4@capgemini.com,6647.322541,2104.225674,eui-3334373973376e09,2
NL-UTC-UTRECHTLR,200,4,room_conference,4,NL-UTC-UTRECHTLROF_CDM_7_208939,N.4.21.4,10,cr.nl.utrn.4.21.4@capgemini.com,6647.322541,2104.225674,eui-3334373959376209,2
NL-UTC-UTRECHTLR,200,4,room_conference,4,NL-UTC-UTRECHTLROF_CDM_7_208936,N.4.20.6,8,cr.nl.utrn.4.20.6@capgemini.com,6537.330141,2614.154872,eui-333437394b376f09,1
NL-UTC-UTRECHTLR,200,4,room_conference,4,NL-UTC-UTRECHTLROF_CDM_7_208877,N.4.15.4,8,cr.nl.utrn.4.15.4@capgemini.com,4689.575186,2260.483993,eui-3334373962377309,1
NL-UTC-UTRECHTLR,200,4,room_conference,4,NL-UTC-UTRECHTLROF_CDM_7_208835,N.4.10.6,8,cr.nl.utrn.4.10.6alleenvoorortereserveren@capgemini.com,3236.175911,2877.967112,eui-333437395b376e09,1
NL-UTC-UTRECHTLR,200,4,room_conference,4,NL-UTC-UTRECHTLROF_CDM_7_208834,N.4.10.3,10,cr.nl.utrn.4.10.3@capgemini.com,2995.418391,2409.844153,eui-3334373958376109,1
NL-UTC-UTRECHTLR,200,4,room_conference,4,NL-UTC-UTRECHTLROF_CDM_7_208815,N.4.09.5,8,cr.nl.utrn.4.09.5@capgemini.com,2807.590232,2917.243591,eui-3334373965376209,1
NL-UTC-UTRECHTLR,200,4,room_conference,4,NL-UTC-UTRECHTLROF_CDM_7_208721,M.4.12.6,14,cr.nl.utrm.4.12.6trio@capgemini.com,3795.565829,3435.33583,eui-3334373970376d09,1
NL-UTC-UTRECHTLR,200,4,room_conference,4,NL-UTC-UTRECHTLROF_CDM_7_208711,M.4.07.6,8,cr.nl.utrm.4.07.6@capgemini.com,2413.782233,3542.91583,eui-3334373954376b09,1
NL-UTC-UTRECHTLR,200,4,room_bubble,3,NL-UTC-UTRECHTLROF_CDM_5_240737,Z.4.04.8,,,1373.581436,4401.730227,eui-3334373964377a09,1
NL-UTC-UTRECHTLR,200,4,room_bubble,3,NL-UTC-UTRECHTLROF_CDM_5_240736,Z.4.04.6,,,1372.577356,4321.990627,eui-333437396c375e09,1
NL-UTC-UTRECHTLR,200,4,room_bubble,3,NL-UTC-UTRECHTLROF_CDM_5_240735,N.4.19.8,,,6067.694542,2647.706792,eui-333437394d376f09,1
NL-UTC-UTRECHTLR,200,4,room_bubble,3,NL-UTC-UTRECHTLROF_CDM_5_240734,N.4.19.6,,,6040.127982,2571.892232,eui-3432333851377211,1
NL-UTC-UTRECHTLR,200,4,room_bubble,3,NL-UTC-UTRECHTLROF_CDM_5_240733,N.4.16.7,,,4995.050225,2753.069992,eui-3334373959376e09,1
NL-UTC-UTRECHTLR,200,4,room_bubble,3,NL-UTC-UTRECHTLROF_CDM_5_240732,N.4.16.5,,,4991.894545,2661.685672,eui-3334373963379208,1
NL-UTC-UTRECHTLR,200,4,room_bubble,3,NL-UTC-UTRECHTLROF_CDM_5_240731,N.4.13.4,,,4171.717668,2418.854793,eui-3334373962376c09,2
NL-UTC-UTRECHTLR,200,4,room_bubble,3,NL-UTC-UTRECHTLROF_CDM_5_240731,N.4.13.4,,,4171.717668,2418.854793,eui-3334373966376e09,2
NL-UTC-UTRECHTLR,200,4,room_bubble,3,NL-UTC-UTRECHTLROF_CDM_5_240729,N.4.06.4,,,1862.829195,2604.048872,eui-333437395e376c09,2
NL-UTC-UTRECHTLR,200,4,room_bubble,3,NL-UTC-UTRECHTLROF_CDM_5_240729,N.4.06.4,,,1862.829195,2604.048872,eui-3334373961376109,2
NL-UTC-UTRECHTLR,200,4,room_bubble,3,NL-UTC-UTRECHTLROF_CDM_5_240727,N.4.04.4,,,1301.714084,2695.876552,eui-3334373976378808,2
NL-UTC-UTRECHTLR,200,4,room_bubble,3,NL-UTC-UTRECHTLROF_CDM_5_240727,N.4.04.4,,,1301.714084,2695.876552,eui-3432333848377d0e,2
NL-UTC-UTRECHTLR,200,4,desk,1050,NL-UTC-UTRECHTLROF_CDM_37_213501,M.4.02.J,,,855.8869175,3779.604869,eui-3531313966376c0b,1
NL-UTC-UTRECHTLR,200,4,desk,1050,NL-UTC-UTRECHTLROF_CDM_37_213500,M.4.02.i,,,861.4106615,3678.049349,eui-3531313951378a0f,1
NL-UTC-UTRECHTLR,200,4,desk,1050,NL-UTC-UTRECHTLROF_CDM_37_212988,Z.4.13.F,,,4416.126387,3956.661988,eui-3135343050378318,1
NL-UTC-UTRECHTLR,200,4,desk,1050,NL-UTC-UTRECHTLROF_CDM_37_212987,Z.4.13.E,,,4354.564547,4056.078948,eui-3135343059376515,1
NL-UTC-UTRECHTLR,200,4,desk,1050,NL-UTC-UTRECHTLROF_CDM_37_210228,Z.4.13.D,,,4325.055027,4098.576308,eui-3135343057378218,1
NL-UTC-UTRECHTLR,200,4,desk,1050,NL-UTC-UTRECHTLROF_CDM_37_210227,Z.4.13.C,,,4263.193268,4197.002228,eui-313534304d377118,1
NL-UTC-UTRECHTLR,200,4,desk,1050,NL-UTC-UTRECHTLROF_CDM_37_210226,Z.4.13.B,,,4231.779908,4240.190708,eui-313534307b377f15,1
NL-UTC-UTRECHTLR,200,4,desk,1050,NL-UTC-UTRECHTLROF_CDM_37_210225,Z.4.13.A,,,4172.578308,4335.252307,eui-3531313974377a0c,1
NL-UTC-UTRECHTLR,200,4,desk,1050,NL-UTC-UTRECHTLROF_CDM_37_210224,Z.4.11.D,,,3629.162389,4321.169107,eui-353131395d378a0b,1
NL-UTC-UTRECHTLR,200,4,desk,1050,NL-UTC-UTRECHTLROF_CDM_37_210223,Z.4.11.C,,,3512.12839,4323.490227,eui-3135343076376515,1
NL-UTC-UTRECHTLR,200,4,desk,1050,NL-UTC-UTRECHTLROF_CDM_37_210222,Z.4.11.B,,,3631.470469,4406.450707,eui-3731323072379218,1
NL-UTC-UTRECHTLR,200,4,desk,1050,NL-UTC-UTRECHTLROF_CDM_37_210221,Z.4.11.A,,,3513.28895,4399.930707,eui-353131396e378a0f,1
NL-UTC-UTRECHTLR,200,4,desk,1050,NL-UTC-UTRECHTLROF_CDM_37_210220,Z.4.10.H,,,3442.55999,4316.239987,eui-353131395d37850a,1
NL-UTC-UTRECHTLR,200,4,desk,1050,NL-UTC-UTRECHTLROF_CDM_37_210219,Z.4.10.G,,,3325.19999,4316.239987,eui-3731323053376919,1
NL-UTC-UTRECHTLR,200,4,desk,1050,NL-UTC-UTRECHTLROF_CDM_37_210218,Z.4.10.F,,,3459.55111,4399.487347,eui-3135343082377f15,1
NL-UTC-UTRECHTLR,200,4,desk,1050,NL-UTC-UTRECHTLROF_CDM_37_210217,Z.4.10.E,,,3339.23103,4402.134467,eui-3531313951376e0b,1
NL-UTC-UTRECHTLR,200,4,desk,1050,NL-UTC-UTRECHTLROF_CDM_37_210216,Z.4.10.D,,,3251.94127,4328.953987,eui-3338383950378001,1
NL-UTC-UTRECHTLR,200,4,desk,1050,NL-UTC-UTRECHTLROF_CDM_37_210215,Z.4.10.C,,,3137.228391,4322.225347,eui-353131396437660b,1
NL-UTC-UTRECHTLR,200,4,desk,1050,NL-UTC-UTRECHTLROF_CDM_37_210214,Z.4.10.B,,,3257.40503,4405.394467,eui-373132306c379218,1
NL-UTC-UTRECHTLR,200,4,desk,1050,NL-UTC-UTRECHTLROF_CDM_37_210213,Z.4.10.A,,,3147.008391,4408.550147,eui-353131396637690b,1
NL-UTC-UTRECHTLR,200,4,desk,1050,NL-UTC-UTRECHTLROF_CDM_37_210212,Z.4.09.F,,,2988.337671,4094.299188,eui-353131395837860f,1
NL-UTC-UTRECHTLR,200,4,desk,1050,NL-UTC-UTRECHTLROF_CDM_37_210211,Z.4.09.E,,,2868.487032,4089.031028,eui-3731323079376619,1
NL-UTC-UTRECHTLR,200,4,desk,1050,NL-UTC-UTRECHTLROF_CDM_37_210210,Z.4.09.D,,,2994.362151,4019.071428,eui-3731323062376819,1
NL-UTC-UTRECHTLR,200,4,desk,1050,NL-UTC-UTRECHTLROF_CDM_37_210209,Z.4.09.C,,,2874.511512,4017.571828,eui-3338383969378001,1
NL-UTC-UTRECHTLR,200,4,desk,1050,NL-UTC-UTRECHTLROF_CDM_37_210208,Z.4.09.B,,,2993.618871,3937.571428,eui-3531313952377f0b,1
NL-UTC-UTRECHTLR,200,4,desk,1050,NL-UTC-UTRECHTLROF_CDM_37_210207,Z.4.09.A,,,2878.527832,3946.595108,eui-373132306b376a19,1
NL-UTC-UTRECHTLR,200,4,desk,1050,NL-UTC-UTRECHTLROF_CDM_37_210206,Z.4.08.i,,,2582.911032,4552.955107,eui-333838395d378201,1
NL-UTC-UTRECHTLR,200,4,desk,1050,NL-UTC-UTRECHTLROF_CDM_37_210205,Z.4.08.H,,,2502.362953,4335.708707,eui-353131395b37690b,1
NL-UTC-UTRECHTLR,200,4,desk,1050,NL-UTC-UTRECHTLROF_CDM_37_210204,Z.4.08.G,,,2386.450393,4334.248227,eui-3731323052376919,1
NL-UTC-UTRECHTLR,200,4,desk,1050,NL-UTC-UTRECHTLROF_CDM_37_210203,Z.4.08.F,,,2505.010073,4408.928307,eui-353131395337660b,1
NL-UTC-UTRECHTLR,200,4,desk,1050,NL-UTC-UTRECHTLROF_CDM_37_210202,Z.4.08.E,,,2387.415353,4401.665027,eui-353131395937680b,1
NL-UTC-UTRECHTLR,200,4,desk,1050,NL-UTC-UTRECHTLROF_CDM_37_210201,Z.4.08.D,,,2504.005993,4476.971027,eui-353131397137790b,1
NL-UTC-UTRECHTLR,200,4,desk,1050,NL-UTC-UTRECHTLROF_CDM_37_210200,Z.4.08.C,,,2383.907593,4468.690627,eui-353131396a377a0c,1
NL-UTC-UTRECHTLR,200,4,desk,1050,NL-UTC-UTRECHTLROF_CDM_37_210199,Z.4.08.B,,,2504.266793,4553.541907,eui-3531313954377f17,1
NL-UTC-UTRECHTLR,200,4,desk,1050,NL-UTC-UTRECHTLROF_CDM_37_210198,Z.4.08.P,,,2686.239992,4316.239987,eui-3135343059377211,1
NL-UTC-UTRECHTLR,200,4,desk,1050,NL-UTC-UTRECHTLROF_CDM_37_210197,Z.4.08.O,,,2568.879992,4329.279987,eui-3731323065377d18,1
NL-UTC-UTRECHTLR,200,4,desk,1050,NL-UTC-UTRECHTLROF_CDM_37_210196,Z.4.08.N,,,2686.239992,4394.479987,eui-373132306a376419,1
NL-UTC-UTRECHTLR,200,4,desk,1050,NL-UTC-UTRECHTLROF_CDM_37_210195,Z.4.08.M,,,2568.879992,4394.479987,eui-353131396337850b,1
NL-UTC-UTRECHTLR,200,4,desk,1050,NL-UTC-UTRECHTLROF_CDM_37_210194,Z.4.08.L,,,2699.279992,4472.719987,eui-353131395437820b,1
NL-UTC-UTRECHTLR,200,4,desk,1050,NL-UTC-UTRECHTLROF_CDM_37_210193,Z.4.08.K,,,2581.919992,4472.719987,eui-353131396c377a0c,1
NL-UTC-UTRECHTLR,200,4,desk,1050,NL-UTC-UTRECHTLROF_CDM_37_210192,Z.4.08.J,,,2673.199992,4550.959987,eui-353131396e377a0c,1
NL-UTC-UTRECHTLR,200,4,desk,1050,NL-UTC-UTRECHTLROF_CDM_37_210191,Z.4.08.A,,,2384.494393,4552.355267,eui-3531313974376a0b,1
NL-UTC-UTRECHTLR,200,4,desk,1050,NL-UTC-UTRECHTLROF_CDM_37_210190,Z.4.07.F,,,2319.307433,4394.623427,eui-3731323067376419,1
NL-UTC-UTRECHTLR,200,4,desk,1050,NL-UTC-UTRECHTLROF_CDM_37_210189,Z.4.07.E,,,2199.248154,4403.907907,eui-353131396d37720b,1
NL-UTC-UTRECHTLR,200,4,desk,1050,NL-UTC-UTRECHTLROF_CDM_37_210188,Z.4.07.D,,,2321.824153,4475.471427,eui-3135343052377111,1
NL-UTC-UTRECHTLR,200,4,desk,1050,NL-UTC-UTRECHTLROF_CDM_37_210187,Z.4.07.C,,,2199.248154,4481.991427,eui-3731323071376619,1
NL-UTC-UTRECHTLR,200,4,desk,1050,NL-UTC-UTRECHTLROF_CDM_37_210186,Z.4.07.B,,,2314.287033,4555.302307,eui-373132305c376919,1
NL-UTC-UTRECHTLR,200,4,desk,1050,NL-UTC-UTRECHTLROF_CDM_37_210185,Z.4.07.A,,,2200.447834,4552.537827,eui-353131396337850f,1
NL-UTC-UTRECHTLR,200,4,desk,1050,NL-UTC-UTRECHTLROF_CDM_37_210184,Z.4.06.i,,,1867.132395,4096.033508,eui-3731323063376819,1
NL-UTC-UTRECHTLR,200,4,desk,1050,NL-UTC-UTRECHTLROF_CDM_37_210183,Z.4.06.H,,,1983.996874,4011.873348,eui-3731323072379118,1
NL-UTC-UTRECHTLR,200,4,desk,1050,NL-UTC-UTRECHTLROF_CDM_37_210182,Z.4.06.G,,,1863.781115,4010.973588,eui-353131396837680b,1
NL-UTC-UTRECHTLR,200,4,desk,1050,NL-UTC-UTRECHTLROF_CDM_37_210181,Z.4.06.F,,,1987.713274,3935.967508,eui-353131395237890f,1
NL-UTC-UTRECHTLR,200,4,desk,1050,NL-UTC-UTRECHTLROF_CDM_37_210180,Z.4.06.E,,,1865.593675,3939.227508,eui-3731323060376419,1
NL-UTC-UTRECHTLR,200,4,desk,1050,NL-UTC-UTRECHTLROF_CDM_37_210179,Z.4.06.D,,,1929.411434,4332.383507,eui-3731323073376619,1
NL-UTC-UTRECHTLR,200,4,desk,1050,NL-UTC-UTRECHTLROF_CDM_37_210178,Z.4.06.C,,,1823.774395,4335.147987,eui-333838396f378301,1
NL-UTC-UTRECHTLR,200,4,desk,1050,NL-UTC-UTRECHTLROF_CDM_37_210177,Z.4.06.B,,,1924.234554,4410.532227,eui-353131395637730b,1
NL-UTC-UTRECHTLR,200,4,desk,1050,NL-UTC-UTRECHTLROF_CDM_37_210176,Z.4.06.J,,,1986.500554,4090.113348,eui-353131397137620a,1
NL-UTC-UTRECHTLR,200,4,desk,1050,NL-UTC-UTRECHTLROF_CDM_37_210175,Z.4.06.A,,,1816.406795,4408.537107,eui-353131396137660b,1
NL-UTC-UTRECHTLR,200,4,desk,1050,NL-UTC-UTRECHTLROF_CDM_37_210174,Z.4.05.i,,,1684.846235,3949.829028,eui-3731323058376819,1
NL-UTC-UTRECHTLR,200,4,desk,1050,NL-UTC-UTRECHTLROF_CDM_37_210173,Z.4.05.H,,,1776.595675,4329.775507,eui-373132305d376819,1
NL-UTC-UTRECHTLR,200,4,desk,1050,NL-UTC-UTRECHTLROF_CDM_37_210172,Z.4.05.G,,,1666.016475,4331.105587,eui-353131395f377f0b,1
NL-UTC-UTRECHTLR,200,4,desk,1050,NL-UTC-UTRECHTLROF_CDM_37_210171,Z.4.05.F,,,1773.544315,4402.669107,eui-353131395c378b0b,1
NL-UTC-UTRECHTLR,200,4,desk,1050,NL-UTC-UTRECHTLROF_CDM_37_210170,Z.4.05.E,,,1664.451675,4402.903827,eui-373132306c376519,1
NL-UTC-UTRECHTLR,200,4,desk,1050,NL-UTC-UTRECHTLROF_CDM_37_210169,Z.4.05.D,,,1618.472635,4324.924627,eui-353131395837660b,1
NL-UTC-UTRECHTLR,200,4,desk,1050,NL-UTC-UTRECHTLROF_CDM_37_210168,Z.4.05.C,,,1497.357116,4322.903427,eui-353131397337700a,1
NL-UTC-UTRECHTLR,200,4,desk,1050,NL-UTC-UTRECHTLROF_CDM_37_210167,Z.4.05.B,,,1620.480795,4408.276307,eui-3531313954378b0a,1
NL-UTC-UTRECHTLR,200,4,desk,1050,NL-UTC-UTRECHTLROF_CDM_37_210166,Z.4.05.N,,,1786.479995,4094.559988,eui-3338383965377801,1
NL-UTC-UTRECHTLR,200,4,desk,1050,NL-UTC-UTRECHTLROF_CDM_37_210165,Z.4.05.M,,,1682.159995,4094.559988,eui-3731323074376519,1
NL-UTC-UTRECHTLR,200,4,desk,1050,NL-UTC-UTRECHTLROF_CDM_37_210164,Z.4.05.L,,,1799.519995,4029.359988,eui-3731323056376919,1
NL-UTC-UTRECHTLR,200,4,desk,1050,NL-UTC-UTRECHTLROF_CDM_37_210163,Z.4.05.K,,,1682.159995,4016.319988,eui-353131396237750b,1
NL-UTC-UTRECHTLR,200,4,desk,1050,NL-UTC-UTRECHTLROF_CDM_37_210162,Z.4.05.J,,,1801.684635,3951.354708,eui-353131394e37880f,1
NL-UTC-UTRECHTLR,200,4,desk,1050,NL-UTC-UTRECHTLROF_CDM_37_210161,Z.4.05.A,,,1503.877116,4396.970627,eui-373132305d376519,1
NL-UTC-UTRECHTLR,200,4,desk,1050,NL-UTC-UTRECHTLROF_CDM_37_210160,Z.4.04.F,,,1426.471676,4082.250228,eui-353131395637890f,1
NL-UTC-UTRECHTLR,200,4,desk,1050,NL-UTC-UTRECHTLROF_CDM_37_210159,Z.4.04.E,,,1304.873676,4085.771028,eui-353131396837660b,1
NL-UTC-UTRECHTLR,200,4,desk,1050,NL-UTC-UTRECHTLROF_CDM_37_210158,Z.4.04.D,,,1427.227996,4006.266148,eui-353131396f37660b,1
NL-UTC-UTRECHTLR,200,4,desk,1050,NL-UTC-UTRECHTLROF_CDM_37_210157,Z.4.04.C,,,1309.881036,4005.509828,eui-353131396037800f,1
NL-UTC-UTRECHTLR,200,4,desk,1050,NL-UTC-UTRECHTLROF_CDM_37_210156,Z.4.04.B,,,1427.984316,3935.302468,eui-353131395837690b,1
NL-UTC-UTRECHTLR,200,4,desk,1050,NL-UTC-UTRECHTLROF_CDM_37_210155,Z.4.04.A,,,1309.137756,3942.826548,eui-373132306b376519,1
NL-UTC-UTRECHTLR,200,4,desk,1050,NL-UTC-UTRECHTLROF_CDM_37_210154,Z.4.03.H,,,1258.971572,4349.831027,eui-353131395337650b,1
NL-UTC-UTRECHTLR,200,4,desk,1050,NL-UTC-UTRECHTLROF_CDM_37_210153,Z.4.03.G,,,1140.366253,4356.351027,eui-3731323070376419,1
NL-UTC-UTRECHTLR,200,4,desk,1050,NL-UTC-UTRECHTLROF_CDM_37_210152,Z.4.03.F,,,1092.711573,4411.184227,eui-353131395b376d0a,1
NL-UTC-UTRECHTLR,200,4,desk,1050,NL-UTC-UTRECHTLROF_CDM_37_210151,Z.4.03.E,,,966.8364532,4415.187507,eui-373132305b376419,1
NL-UTC-UTRECHTLR,200,4,desk,1050,NL-UTC-UTRECHTLROF_CDM_37_210150,Z.4.03.D,,,1087.629885,4483.047667,eui-3731323073376419,1
NL-UTC-UTRECHTLR,200,4,desk,1050,NL-UTC-UTRECHTLROF_CDM_37_210149,Z.4.03.C,,,976.9828771,4489.854547,eui-353131394e376c0a,1
NL-UTC-UTRECHTLR,200,4,desk,1050,NL-UTC-UTRECHTLROF_CDM_37_210148,Z.4.03.B,,,1089.945789,4553.789667,eui-3338383957377f01,1
NL-UTC-UTRECHTLR,200,4,desk,1050,NL-UTC-UTRECHTLROF_CDM_37_210147,Z.4.03.A,,,971.3404692,4559.814147,eui-353131396337660b,1
NL-UTC-UTRECHTLR,200,4,desk,1050,NL-UTC-UTRECHTLROF_CDM_37_210146,Z.4.02.F,,,869.0168935,4410.427907,eui-333838394d378101,1
NL-UTC-UTRECHTLR,200,4,desk,1050,NL-UTC-UTRECHTLROF_CDM_37_210145,Z.4.02.E,,,753.9284618,4411.679747,eui-3731323059376419,1
NL-UTC-UTRECHTLR,200,4,desk,1050,NL-UTC-UTRECHTLROF_CDM_37_210144,Z.4.02.D,,,875.7937814,4485.994707,eui-373132305d376419,1
NL-UTC-UTRECHTLR,200,4,desk,1050,NL-UTC-UTRECHTLROF_CDM_37_210143,Z.4.02.C,,,757.1884618,4490.767347,eui-353131397e376d0b,1
NL-UTC-UTRECHTLR,200,4,desk,1050,NL-UTC-UTRECHTLROF_CDM_37_210142,Z.4.02.B,,,869.0168935,4561.079027,eui-353131395d37890f,1
NL-UTC-UTRECHTLR,200,4,desk,1050,NL-UTC-UTRECHTLROF_CDM_37_210141,Z.4.02.A,,,753.7654618,4560.374867,eui-3731323073376519,1
NL-UTC-UTRECHTLR,200,4,desk,1050,NL-UTC-UTRECHTLROF_CDM_37_210140,Z.4.01.i,,,346.922679,4229.967348,eui-353131395e378a0f,1
NL-UTC-UTRECHTLR,200,4,desk,1050,NL-UTC-UTRECHTLROF_CDM_37_210139,Z.4.01.H,,,275.2026792,4340.781267,eui-353131395037840b,1
NL-UTC-UTRECHTLR,200,4,desk,1050,NL-UTC-UTRECHTLROF_CDM_37_210138,Z.4.01.G,,,282.7306712,4228.950228,eui-353131396737660b,1
NL-UTC-UTRECHTLR,200,4,desk,1050,NL-UTC-UTRECHTLROF_CDM_37_210137,Z.4.01.F,,,382.2702069,4107.091428,eui-353131395037880f,1
NL-UTC-UTRECHTLR,200,4,desk,1050,NL-UTC-UTRECHTLROF_CDM_37_210136,Z.4.01.E,,,255.3857913,4109.347348,eui-353131395037660b,1
NL-UTC-UTRECHTLR,200,4,desk,1050,NL-UTC-UTRECHTLROF_CDM_37_210135,Z.4.01.D,,,380.0168949,4027.847348,eui-373132307c376619,1
NL-UTC-UTRECHTLR,200,4,desk,1050,NL-UTC-UTRECHTLROF_CDM_37_210134,Z.4.01.C,,,260.6604712,4029.594708,eui-353131396037880f,1
NL-UTC-UTRECHTLR,200,4,desk,1050,NL-UTC-UTRECHTLROF_CDM_37_210133,Z.4.01.B,,,380.0168949,3948.851028,eui-353131397a376a0b,1
NL-UTC-UTRECHTLR,200,4,desk,1050,NL-UTC-UTRECHTLROF_CDM_37_210132,Z.4.01.L,,,421.1515748,4341.537587,eui-353131395837880f,1
NL-UTC-UTRECHTLR,200,4,desk,1050,NL-UTC-UTRECHTLROF_CDM_37_210131,Z.4.01.K,,,419.1368948,4228.950228,eui-3731323074376619,1
NL-UTC-UTRECHTLR,200,4,desk,1050,NL-UTC-UTRECHTLROF_CDM_37_210130,Z.4.01.J,,,342.655991,4342.541667,eui-353131395237660b,1
NL-UTC-UTRECHTLR,200,4,desk,1050,NL-UTC-UTRECHTLROF_CDM_37_210129,Z.4.01.A,,,262.9137832,3943.087348,eui-3731323064376419,1
NL-UTC-UTRECHTLR,200,4,desk,1050,NL-UTC-UTRECHTLROF_CDM_37_210128,N.4.21.B,,,6778.34846,2332.099673,eui-353131397337860c,1
NL-UTC-UTRECHTLR,200,4,desk,1050,NL-UTC-UTRECHTLROF_CDM_37_210127,N.4.21.A,,,6663.322621,2351.294553,eui-3531313969378e0c,1
NL-UTC-UTRECHTLR,200,4,desk,1050,NL-UTC-UTRECHTLROF_CDM_37_210126,N.4.20.i,,,6333.645341,2151.104474,eui-373132306e376419,1
NL-UTC-UTRECHTLR,200,4,desk,1050,NL-UTC-UTRECHTLROF_CDM_37_210125,N.4.20.H,,,6438.539101,2054.334634,eui-3531313976378f0c,1
NL-UTC-UTRECHTLR,200,4,desk,1050,NL-UTC-UTRECHTLROF_CDM_37_210124,N.4.20.G,,,6326.134301,2061.467514,eui-353131395d37880f,1
NL-UTC-UTRECHTLR,200,4,desk,1050,NL-UTC-UTRECHTLROF_CDM_37_210123,N.4.20.F,,,6259.134782,2216.395754,eui-353131396a378a0c,1
NL-UTC-UTRECHTLR,200,4,desk,1050,NL-UTC-UTRECHTLROF_CDM_37_210122,N.4.20.E,,,6144.787022,2236.333913,eui-333838394d377f01,1
NL-UTC-UTRECHTLR,200,4,desk,1050,NL-UTC-UTRECHTLROF_CDM_37_210121,N.4.20.D,,,6251.375982,2149.252794,eui-353131395b37830b,1
NL-UTC-UTRECHTLR,200,4,desk,1050,NL-UTC-UTRECHTLROF_CDM_37_210120,N.4.20.C,,,6137.706302,2161.132234,eui-353131397737890c,1
NL-UTC-UTRECHTLR,200,4,desk,1050,NL-UTC-UTRECHTLROF_CDM_37_210119,N.4.20.T,,,6533.039981,2360.239993,eui-353131397a37890c,1
NL-UTC-UTRECHTLR,200,4,desk,1050,NL-UTC-UTRECHTLROF_CDM_37_210117,N.4.20.S,,,6402.639981,2373.279993,eui-353131396a37880c,1
NL-UTC-UTRECHTLR,200,4,desk,1050,NL-UTC-UTRECHTLROF_CDM_37_210116,N.4.20.R,,,6336.592381,2540.531033,eui-353131395e37920c,1
NL-UTC-UTRECHTLR,200,4,desk,1050,NL-UTC-UTRECHTLROF_CDM_37_210115,N.4.20.Q,,,6215.372542,2547.598713,eui-3531313980377a0b,1
NL-UTC-UTRECHTLR,200,4,desk,1050,NL-UTC-UTRECHTLROF_CDM_37_210114,N.4.20.P,,,6338.613581,2621.261672,eui-3731323079378019,1
NL-UTC-UTRECHTLR,200,4,desk,1050,NL-UTC-UTRECHTLROF_CDM_37_210113,N.4.20.O,,,6223.353022,2622.761272,eui-353131396637880c,1
NL-UTC-UTRECHTLR,200,4,desk,1050,NL-UTC-UTRECHTLROF_CDM_37_210112,N.4.20.N,,,6347.454701,2697.024072,eui-353131394f37870c,1
NL-UTC-UTRECHTLR,200,4,desk,1050,NL-UTC-UTRECHTLROF_CDM_37_210111,N.4.20.M,,,6225.413342,2706.412872,eui-3338383952378001,1
NL-UTC-UTRECHTLR,200,4,desk,1050,NL-UTC-UTRECHTLROF_CDM_37_210110,N.4.20.L,,,6451.579101,2204.594554,eui-3531313973378a0c,1
NL-UTC-UTRECHTLR,200,4,desk,1050,NL-UTC-UTRECHTLROF_CDM_37_210109,N.4.20.K,,,6340.778221,2212.405514,eui-353131395a376c0a,1
NL-UTC-UTRECHTLR,200,4,desk,1050,NL-UTC-UTRECHTLROF_CDM_37_210108,N.4.20.J,,,6444.759181,2130.240474,eui-3731323064377719,1
NL-UTC-UTRECHTLR,200,4,desk,1050,NL-UTC-UTRECHTLROF_CDM_37_210107,N.4.20.A,,,6131.186302,2085.095994,eui-353131396237710a,1
NL-UTC-UTRECHTLR,200,4,desk,1050,NL-UTC-UTRECHTLROF_CDM_37_210106,N.4.19.F,,,6045.995982,2239.150553,eui-3531313970378b0c,1
NL-UTC-UTRECHTLR,200,4,desk,1050,NL-UTC-UTRECHTLROF_CDM_37_210105,N.4.19.E,,,5932.326303,2245.774873,eui-3135343061379311,1
NL-UTC-UTRECHTLR,200,4,desk,1050,NL-UTC-UTRECHTLROF_CDM_37_210104,N.4.19.D,,,6042.735982,2166.374314,eui-3531313977376e0b,1
NL-UTC-UTRECHTLR,200,4,desk,1050,NL-UTC-UTRECHTLROF_CDM_37_210103,N.4.19.C,,,5926.966863,2176.154314,eui-353131395037880c,1
NL-UTC-UTRECHTLR,200,4,desk,1050,NL-UTC-UTRECHTLROF_CDM_37_210101,N.4.19.A,,,5914.983103,2101.291674,eui-313534307a378211,1
NL-UTC-UTRECHTLR,200,4,desk,1050,NL-UTC-UTRECHTLROF_CDM_37_210100,N.4.18.F,,,5899.439423,2579.155512,eui-3135343078376415,1
NL-UTC-UTRECHTLR,200,4,desk,1050,NL-UTC-UTRECHTLROF_CDM_37_210099,N.4.18.E,,,5787.895263,2585.492952,eui-353131394f37880b,1
NL-UTC-UTRECHTLR,200,4,desk,1050,NL-UTC-UTRECHTLROF_CDM_37_210098,N.4.18.D,,,5910.705983,2660.016552,eui-3731323083377d19,1
NL-UTC-UTRECHTLR,200,4,desk,1050,NL-UTC-UTRECHTLROF_CDM_37_210097,N.4.18.C,,,5801.352543,2666.314872,eui-313534307f376e15,1
NL-UTC-UTRECHTLR,200,4,desk,1050,NL-UTC-UTRECHTLROF_CDM_37_210096,N.4.18.B,,,5920.707663,2738.556472,eui-313534307b377f18,1
NL-UTC-UTRECHTLR,200,4,desk,1050,NL-UTC-UTRECHTLROF_CDM_37_210095,N.4.18.A,,,5802.513103,2742.651032,eui-3338383963378001,1
NL-UTC-UTRECHTLR,200,4,desk,1050,NL-UTC-UTRECHTLROF_CDM_37_210094,N.4.17.H,,,5399.759664,2293.344793,eui-353131395c37840b,1
NL-UTC-UTRECHTLR,200,4,desk,1050,NL-UTC-UTRECHTLROF_CDM_37_210093,N.4.17.G,,,5397.595024,2212.340314,eui-3531313955378517,1
NL-UTC-UTRECHTLR,200,4,desk,1050,NL-UTC-UTRECHTLROF_CDM_37_210092,N.4.17.F,,,5520.353584,2630.533112,eui-3135343070377f18,1
NL-UTC-UTRECHTLR,200,4,desk,1050,NL-UTC-UTRECHTLROF_CDM_37_210091,N.4.17.E,,,5401.076704,2637.874632,eui-3135343070379213,1
NL-UTC-UTRECHTLR,200,4,desk,1050,NL-UTC-UTRECHTLROF_CDM_37_210090,N.4.17.D,,,5527.095264,2696.750232,eui-353131396637630a,1
NL-UTC-UTRECHTLR,200,4,desk,1050,NL-UTC-UTRECHTLROF_CDM_37_210089,N.4.17.C,,,5413.386464,2709.790232,eui-3531313975377f17,1
NL-UTC-UTRECHTLR,200,4,desk,1050,NL-UTC-UTRECHTLROF_CDM_37_210088,N.4.17.B,,,5532.624224,2773.242872,eui-313534306c377e18,1
NL-UTC-UTRECHTLR,200,4,desk,1050,NL-UTC-UTRECHTLROF_CDM_37_210087,N.4.17.A,,,5417.715744,2777.702552,eui-3731323057377d19,1
NL-UTC-UTRECHTLR,200,4,desk,1050,NL-UTC-UTRECHTLROF_CDM_37_210086,N.4.16.i,,,5202.803505,2721.513192,eui-353131397437630b,1
NL-UTC-UTRECHTLR,200,4,desk,1050,NL-UTC-UTRECHTLROF_CDM_37_210085,N.4.16.H,,,5323.293104,2791.433672,eui-313534305f377e18,1
NL-UTC-UTRECHTLR,200,4,desk,1050,NL-UTC-UTRECHTLROF_CDM_37_210084,N.4.16.G,,,5204.290065,2800.274792,eui-353131397137880b,1
NL-UTC-UTRECHTLR,200,4,desk,1050,NL-UTC-UTRECHTLROF_CDM_37_210083,N.4.16.F,,,5045.175985,2344.526793,eui-3531313956378717,1
NL-UTC-UTRECHTLR,200,4,desk,1050,NL-UTC-UTRECHTLROF_CDM_37_210082,N.4.16.E,,,4924.516866,2351.046793,eui-353131395b378b0b,1
NL-UTC-UTRECHTLR,200,4,desk,1050,NL-UTC-UTRECHTLROF_CDM_37_210081,N.4.16.D,,,5040.755425,2264.174313,eui-373132304f377419,1
NL-UTC-UTRECHTLR,200,4,desk,1050,NL-UTC-UTRECHTLROF_CDM_37_210080,N.4.16.C,,,4920.317986,2278.270553,eui-353131397d377b0c,1
NL-UTC-UTRECHTLR,200,4,desk,1050,NL-UTC-UTRECHTLROF_CDM_37_210078,N.4.16.L,,,5311.830944,2641.369352,eui-3135343056376515,1
NL-UTC-UTRECHTLR,200,4,desk,1050,NL-UTC-UTRECHTLROF_CDM_37_210077,N.4.16.K,,,5189.919985,2647.119992,eui-333838395e378001,1
NL-UTC-UTRECHTLR,200,4,desk,1050,NL-UTC-UTRECHTLROF_CDM_37_210076,N.4.16.J,,,5317.607664,2710.377032,eui-353131396b37890f,1
NL-UTC-UTRECHTLR,200,4,desk,1050,NL-UTC-UTRECHTLROF_CDM_37_210075,N.4.16.A,,,4912.637426,2203.394874,eui-353131396a376c0a,1
NL-UTC-UTRECHTLR,200,4,desk,1050,NL-UTC-UTRECHTLROF_CDM_37_210074,N.4.15.i,,,4860.503506,2517.619753,eui-3531313951378617,1
NL-UTC-UTRECHTLR,200,4,desk,1050,NL-UTC-UTRECHTLROF_CDM_37_210072,N.4.15.G,,,4612.287107,2549.737273,eui-3135343059378218,2
NL-UTC-UTRECHTLR,200,4,desk,1050,NL-UTC-UTRECHTLROF_CDM_37_210072,N.4.15.G,,,4612.287107,2549.737273,eui-353131396e377f17,2
NL-UTC-UTRECHTLR,200,4,desk,1050,NL-UTC-UTRECHTLROF_CDM_37_210071,N.4.15.F,,,4857.739026,2693.516312,eui-3531313979377f17,1
NL-UTC-UTRECHTLR,200,4,desk,1050,NL-UTC-UTRECHTLROF_CDM_37_210070,N.4.15.E,,,4740.457266,2693.294632,eui-353131395537790b,1
NL-UTC-UTRECHTLR,200,4,desk,1050,NL-UTC-UTRECHTLROF_CDM_37_210069,N.4.15.D,,,4865.510866,2761.011352,eui-353131396737730b,1
NL-UTC-UTRECHTLR,200,4,desk,1050,NL-UTC-UTRECHTLROF_CDM_37_210068,N.4.15.C,,,4744.982146,2764.049672,eui-3531313977377f17,1
NL-UTC-UTRECHTLR,200,4,desk,1050,NL-UTC-UTRECHTLROF_CDM_37_210067,N.4.15.B,,,4869.357666,2832.235832,eui-3135343056376c15,1
NL-UTC-UTRECHTLR,200,4,desk,1050,NL-UTC-UTRECHTLROF_CDM_37_210066,N.4.15.J,,,4981.071345,2505.362153,eui-353131395f378517,1
NL-UTC-UTRECHTLR,200,4,desk,1050,NL-UTC-UTRECHTLROF_CDM_37_210065,N.4.15.A,,,4750.732786,2843.032952,eui-353131395737690b,1
NL-UTC-UTRECHTLR,200,4,desk,1050,NL-UTC-UTRECHTLROF_CDM_37_210064,N.4.14.i,,,4547.517427,2788.017192,eui-3135343075376115,1
NL-UTC-UTRECHTLR,200,4,desk,1050,NL-UTC-UTRECHTLROF_CDM_37_210063,N.4.14.H,,,4666.781266,2851.939272,eui-3531313954377f0c,1
NL-UTC-UTRECHTLR,200,4,desk,1050,NL-UTC-UTRECHTLROF_CDM_37_210062,N.4.14.G,,,4545.326707,2862.736392,eui-353131396f37720b,1
NL-UTC-UTRECHTLR,200,4,desk,1050,NL-UTC-UTRECHTLROF_CDM_37_210061,N.4.14.F,,,4444.566627,2391.679433,eui-353131397c37860c,1
NL-UTC-UTRECHTLR,200,4,desk,1050,NL-UTC-UTRECHTLROF_CDM_37_210060,N.4.14.E,,,4321.482067,2402.619993,eui-353131396737830b,1
NL-UTC-UTRECHTLR,200,4,desk,1050,NL-UTC-UTRECHTLROF_CDM_37_210059,N.4.14.D,,,4436.873027,2317.533993,eui-3531313956378b0b,1
NL-UTC-UTRECHTLR,200,4,desk,1050,NL-UTC-UTRECHTLROF_CDM_37_210058,N.4.14.C,,,4311.571667,2329.622073,eui-3531313969378a0c,1
NL-UTC-UTRECHTLR,200,4,desk,1050,NL-UTC-UTRECHTLROF_CDM_37_210057,N.4.14.B,,,4429.348947,2244.457833,eui-353131395537620b,1
NL-UTC-UTRECHTLR,200,4,desk,1050,NL-UTC-UTRECHTLROF_CDM_37_210056,N.4.14.L,,,4655.279986,2699.279992,eui-353131395737800c,1
NL-UTC-UTRECHTLR,200,4,desk,1050,NL-UTC-UTRECHTLROF_CDM_37_210055,N.4.14.K,,,4537.919987,2699.279992,eui-3531313966378a0f,1
NL-UTC-UTRECHTLR,200,4,desk,1050,NL-UTC-UTRECHTLROF_CDM_37_210054,N.4.14.J,,,4655.279986,2764.479992,eui-353131395f37830b,1
NL-UTC-UTRECHTLR,200,4,desk,1050,NL-UTC-UTRECHTLROF_CDM_37_210053,N.4.14.A,,,4311.741187,2256.454633,eui-353131397137890b,1
NL-UTC-UTRECHTLR,200,4,desk,1050,NL-UTC-UTRECHTLROF_CDM_37_210051,N.4.11.H,,,3638.159989,2933.999991,eui-353131397d37870c,1
NL-UTC-UTRECHTLR,200,4,desk,1050,NL-UTC-UTRECHTLROF_CDM_37_210050,N.4.11.G,,,3520.79999,2947.039991,eui-353131397137890c,1
NL-UTC-UTRECHTLR,200,4,desk,1050,NL-UTC-UTRECHTLROF_CDM_37_210049,N.4.11.F,,,3468.63999,2803.599992,eui-353131396f37860f,1
NL-UTC-UTRECHTLR,200,4,desk,1050,NL-UTC-UTRECHTLROF_CDM_37_210048,N.4.11.E,,,3351.27999,2816.639992,eui-3531313958378a0c,1
NL-UTC-UTRECHTLR,200,4,desk,1050,NL-UTC-UTRECHTLROF_CDM_37_210047,N.4.11.D,,,3481.67999,2881.839992,eui-353131395937620a,1
NL-UTC-UTRECHTLR,200,4,desk,1050,NL-UTC-UTRECHTLROF_CDM_37_210046,N.4.11.C,,,3364.31999,2894.879992,eui-3731323072377919,1
NL-UTC-UTRECHTLR,200,4,desk,1050,NL-UTC-UTRECHTLROF_CDM_37_210045,N.4.11.B,,,3481.67999,2947.039991,eui-353131397b37860f,1
NL-UTC-UTRECHTLR,200,4,desk,1050,NL-UTC-UTRECHTLROF_CDM_37_210043,N.4.11.M,,,3377.35999,2673.199992,eui-353131397737680b,1
NL-UTC-UTRECHTLR,200,4,desk,1050,NL-UTC-UTRECHTLROF_CDM_37_210042,N.4.11.L,,,3625.119989,2790.559992,eui-3731323074378417,1
NL-UTC-UTRECHTLR,200,4,desk,1050,NL-UTC-UTRECHTLROF_CDM_37_210041,N.4.11.K,,,3507.75999,2790.559992,eui-3531313963378a0c,1
NL-UTC-UTRECHTLR,200,4,desk,1050,NL-UTC-UTRECHTLROF_CDM_37_210040,N.4.11.J,,,3638.159989,2868.799992,eui-373132307b378219,1
NL-UTC-UTRECHTLR,200,4,desk,1050,NL-UTC-UTRECHTLROF_CDM_37_210039,N.4.11.A,,,3377.35999,2960.079991,eui-353131395837760b,1
NL-UTC-UTRECHTLR,200,4,desk,1050,NL-UTC-UTRECHTLROF_CDM_37_210038,N.4.10.i,,,3102.633271,2682.067192,eui-373132306f376319,1
NL-UTC-UTRECHTLR,200,4,desk,1050,NL-UTC-UTRECHTLROF_CDM_37_210037,N.4.10.H,,,3117.616231,2835.821832,eui-353131395837890f,1
NL-UTC-UTRECHTLR,200,4,desk,1050,NL-UTC-UTRECHTLROF_CDM_37_210036,N.4.10.G,,,3004.950631,2837.869112,eui-3731323059376219,1
NL-UTC-UTRECHTLR,200,4,desk,1050,NL-UTC-UTRECHTLROF_CDM_37_210035,N.4.10.F,,,3121.762951,2879.557992,eui-333838397b377301,1
NL-UTC-UTRECHTLR,200,4,desk,1050,NL-UTC-UTRECHTLROF_CDM_37_210034,N.4.10.E,,,3015.056631,2898.348632,eui-353131394d37720b,1
NL-UTC-UTRECHTLR,200,4,desk,1050,NL-UTC-UTRECHTLROF_CDM_37_210033,N.4.10.D,,,3131.751591,2937.990231,eui-3731323074376419,1
NL-UTC-UTRECHTLR,200,4,desk,1050,NL-UTC-UTRECHTLROF_CDM_37_210032,N.4.10.C,,,3027.327271,2946.805271,eui-373132307c376519,1
NL-UTC-UTRECHTLR,200,4,desk,1050,NL-UTC-UTRECHTLROF_CDM_37_210031,N.4.10.B,,,3129.704311,2993.162471,eui-353131397b376e0b,1
NL-UTC-UTRECHTLR,200,4,desk,1050,NL-UTC-UTRECHTLROF_CDM_37_210030,N.4.10.R,,,3325.19999,2503.679993,eui-3731323065377f12,1
NL-UTC-UTRECHTLR,200,4,desk,1050,NL-UTC-UTRECHTLROF_CDM_37_210029,N.4.10.Q,,,3220.879991,2516.719993,eui-353131397437660b,2
NL-UTC-UTRECHTLR,200,4,desk,1050,NL-UTC-UTRECHTLROF_CDM_37_210029,N.4.10.Q,,,3220.879991,2516.719993,eui-353131397b37890c,2
NL-UTC-UTRECHTLR,200,4,desk,1050,NL-UTC-UTRECHTLROF_CDM_37_210028,N.4.10.P,,,3312.15999,2451.519993,eui-353131396f37890c,1
NL-UTC-UTRECHTLR,200,4,desk,1050,NL-UTC-UTRECHTLROF_CDM_37_210027,N.4.10.O,,,3207.839991,2464.559993,eui-3731323054377019,1
NL-UTC-UTRECHTLR,200,4,desk,1050,NL-UTC-UTRECHTLROF_CDM_37_210026,N.4.10.N,,,3312.15999,2399.359993,eui-353131396c37700b,1
NL-UTC-UTRECHTLR,200,4,desk,1050,NL-UTC-UTRECHTLROF_CDM_37_210025,N.4.10.M,,,3207.839991,2412.399993,eui-353131396637660b,1
NL-UTC-UTRECHTLR,200,4,desk,1050,NL-UTC-UTRECHTLROF_CDM_37_210024,N.4.10.L,,,3320.66207,2354.280713,eui-373132306e376319,1
NL-UTC-UTRECHTLR,200,4,desk,1050,NL-UTC-UTRECHTLROF_CDM_37_210023,N.4.10.K,,,3203.132551,2360.813753,eui-373132304f377f19,1
NL-UTC-UTRECHTLR,200,4,desk,1050,NL-UTC-UTRECHTLROF_CDM_37_210022,N.4.10.J,,,3218.024231,2675.742792,eui-373132305f376319,1
NL-UTC-UTRECHTLR,200,4,desk,1050,NL-UTC-UTRECHTLROF_CDM_37_210021,N.4.10.A,,,3027.418551,3000.816951,eui-373132307b377a19,1
NL-UTC-UTRECHTLR,200,4,desk,1050,NL-UTC-UTRECHTLROF_CDM_37_210020,N.4.09.i,,,2855.759992,2699.279992,eui-353131395437650b,1
NL-UTC-UTRECHTLR,200,4,desk,1050,NL-UTC-UTRECHTLROF_CDM_37_210019,N.4.09.H,,,2842.719992,2555.839993,eui-353131395f37710b,1
NL-UTC-UTRECHTLR,200,4,desk,1050,NL-UTC-UTRECHTLROF_CDM_37_210018,N.4.09.G,,,2738.399992,2568.879992,eui-3731323069376519,1
NL-UTC-UTRECHTLR,200,4,desk,1050,NL-UTC-UTRECHTLROF_CDM_37_210017,N.4.09.F,,,2854.586392,2507.970153,eui-3731323061376319,1
NL-UTC-UTRECHTLR,200,4,desk,1050,NL-UTC-UTRECHTLROF_CDM_37_210016,N.4.09.E,,,2733.835992,2517.932713,eui-3531313971378a0f,1
NL-UTC-UTRECHTLR,200,4,desk,1050,NL-UTC-UTRECHTLROF_CDM_37_210015,N.4.09.D,,,2848.105512,2455.914473,eui-3338383964378001,1
NL-UTC-UTRECHTLR,200,4,desk,1050,NL-UTC-UTRECHTLROF_CDM_37_210014,N.4.09.C,,,2737.278552,2465.877033,eui-3731323050378818,1
NL-UTC-UTRECHTLR,200,4,desk,1050,NL-UTC-UTRECHTLROF_CDM_37_210013,N.4.09.B,,,2838.286392,2398.316793,eui-373132306a378518,1
NL-UTC-UTRECHTLR,200,4,desk,1050,NL-UTC-UTRECHTLROF_CDM_37_210012,N.4.09.J,,,2973.119991,2686.239992,eui-3731323078376419,1
NL-UTC-UTRECHTLR,200,4,desk,1050,NL-UTC-UTRECHTLROF_CDM_37_210011,N.4.09.A,,,2726.233672,2409.244313,eui-353131396c378a0f,1
NL-UTC-UTRECHTLR,200,4,desk,1050,NL-UTC-UTRECHTLROF_CDM_37_210010,N.4.07.i,,,2047.279994,2764.479992,eui-3531313953378603,1
NL-UTC-UTRECHTLR,200,4,desk,1050,NL-UTC-UTRECHTLROF_CDM_37_210009,N.4.07.H,,,2357.514633,2598.180872,eui-3731323056378718,1
NL-UTC-UTRECHTLR,200,4,desk,1050,NL-UTC-UTRECHTLROF_CDM_37_210008,N.4.07.G,,,2237.011993,2607.856552,eui-353131397f37830b,1
NL-UTC-UTRECHTLR,200,4,desk,1050,NL-UTC-UTRECHTLROF_CDM_37_210007,N.4.07.F,,,2347.630313,2522.157673,eui-3338383971378001,1
NL-UTC-UTRECHTLR,200,4,desk,1050,NL-UTC-UTRECHTLROF_CDM_37_210006,N.4.07.E,,,2232.695753,2526.356553,eui-373132305d378918,1
NL-UTC-UTRECHTLR,200,4,desk,1050,NL-UTC-UTRECHTLROF_CDM_37_210005,N.4.07.D,,,2161.810314,2613.320312,eui-3731323056376519,1
NL-UTC-UTRECHTLR,200,4,desk,1050,NL-UTC-UTRECHTLROF_CDM_37_210004,N.4.07.C,,,2038.256314,2624.039192,eui-353131397d37730b,1
NL-UTC-UTRECHTLR,200,4,desk,1050,NL-UTC-UTRECHTLROF_CDM_37_210003,N.4.07.B,,,2148.405194,2537.179753,eui-353131396e37690b,1
NL-UTC-UTRECHTLR,200,4,desk,1050,NL-UTC-UTRECHTLROF_CDM_37_210002,N.4.07.L,,,2360.239993,2738.399992,eui-373132306e378518,1
NL-UTC-UTRECHTLR,200,4,desk,1050,NL-UTC-UTRECHTLROF_CDM_37_210001,N.4.07.K,,,2255.919993,2751.439992,eui-373132305c378918,1
NL-UTC-UTRECHTLR,200,4,desk,1050,NL-UTC-UTRECHTLROF_CDM_37_210000,N.4.07.J,,,2164.639994,2764.479992,eui-353131396a378303,1
NL-UTC-UTRECHTLR,200,4,desk,1050,NL-UTC-UTRECHTLROF_CDM_37_209999,N.4.07.A,,,2027.315754,2544.755993,eui-3731323053378918,1
NL-UTC-UTRECHTLR,200,4,desk,1050,NL-UTC-UTRECHTLROF_CDM_37_209998,N.4.06.H,,,1955.491434,2787.495592,eui-353131396b378903,1
NL-UTC-UTRECHTLR,200,4,desk,1050,NL-UTC-UTRECHTLROF_CDM_37_209997,N.4.06.G,,,1845.081755,2808.320472,eui-3531313966378b03,1
NL-UTC-UTRECHTLR,200,4,desk,1050,NL-UTC-UTRECHTLROF_CDM_37_209996,N.4.06.F,,,1934.653514,2954.537991,eui-3731323070378318,1
NL-UTC-UTRECHTLR,200,4,desk,1050,NL-UTC-UTRECHTLROF_CDM_37_209995,N.4.06.E,,,1820.736075,2980.709271,eui-353131395a378003,1
NL-UTC-UTRECHTLR,200,4,desk,1050,NL-UTC-UTRECHTLROF_CDM_37_209994,N.4.06.D,,,1942.451434,3025.175671,eui-353131394f37860f,1
NL-UTC-UTRECHTLR,200,4,desk,1050,NL-UTC-UTRECHTLROF_CDM_37_209992,N.4.06.B,,,1945.046394,3104.198071,eui-3531313957378103,1
NL-UTC-UTRECHTLR,200,4,desk,1050,NL-UTC-UTRECHTLROF_CDM_37_209991,N.4.06.A,,,1832.328635,3116.181831,eui-353131396737690b,1
NL-UTC-UTRECHTLR,200,4,desk,1050,NL-UTC-UTRECHTLROF_CDM_37_209990,N.4.05.i,,,1628.656875,2579.559752,eui-3531313950376b0b,1
NL-UTC-UTRECHTLR,200,4,desk,1050,NL-UTC-UTRECHTLROF_CDM_37_209989,N.4.05.H,,,1738.114635,2494.917113,eui-353131396f376d0b,1
NL-UTC-UTRECHTLR,200,4,desk,1050,NL-UTC-UTRECHTLROF_CDM_37_209988,N.4.05.G,,,1621.054555,2502.258633,eui-3531313962376502,1
NL-UTC-UTRECHTLR,200,4,desk,1050,NL-UTC-UTRECHTLROF_CDM_37_209987,N.4.05.F,,,1581.452075,2656.065432,eui-353131397437820f,1
NL-UTC-UTRECHTLR,200,4,desk,1050,NL-UTC-UTRECHTLROF_CDM_37_209986,N.4.05.E,,,1467.273836,2666.784312,eui-353131395f377f03,1
NL-UTC-UTRECHTLR,200,4,desk,1050,NL-UTC-UTRECHTLROF_CDM_37_209985,N.4.05.D,,,1570.733195,2589.913512,eui-3531313966378903,1
NL-UTC-UTRECHTLR,200,4,desk,1050,NL-UTC-UTRECHTLROF_CDM_37_209984,N.4.05.C,,,1453.725276,2599.263192,eui-353131397337690b,1
NL-UTC-UTRECHTLR,200,4,desk,1050,NL-UTC-UTRECHTLROF_CDM_37_209983,N.4.05.B,,,1566.534315,2505.662073,eui-3531313976378a0f,1
NL-UTC-UTRECHTLR,200,4,desk,1050,NL-UTC-UTRECHTLROF_CDM_37_209982,N.4.05.R,,,1760.608635,2969.520951,eui-3531313976378a03,1
NL-UTC-UTRECHTLR,200,4,desk,1050,NL-UTC-UTRECHTLROF_CDM_37_209981,N.4.05.Q,,,1644.839515,2989.080951,eui-3531313970376c0b,1
NL-UTC-UTRECHTLR,200,4,desk,1050,NL-UTC-UTRECHTLROF_CDM_37_209980,N.4.05.P,,,1774.913515,3044.800871,eui-3531313967377f0f,1
NL-UTC-UTRECHTLR,200,4,desk,1050,NL-UTC-UTRECHTLROF_CDM_37_209978,N.4.05.N,,,1776.191435,3125.557591,eui-3531313957378003,1
NL-UTC-UTRECHTLR,200,4,desk,1050,NL-UTC-UTRECHTLROF_CDM_37_209977,N.4.05.M,,,1661.582875,3130.799671,eui-353131396937870f,1
NL-UTC-UTRECHTLR,200,4,desk,1050,NL-UTC-UTRECHTLROF_CDM_37_209976,N.4.05.L,,,1747.672955,2636.140312,eui-3531313978378a0f,1
NL-UTC-UTRECHTLR,200,4,desk,1050,NL-UTC-UTRECHTLROF_CDM_37_209975,N.4.05.K,,,1635.281195,2651.175432,eui-3531313965378b03,1
NL-UTC-UTRECHTLR,200,4,desk,1050,NL-UTC-UTRECHTLROF_CDM_37_209974,N.4.05.J,,,1744.530315,2568.736552,eui-353131396d378903,1
NL-UTC-UTRECHTLR,200,4,desk,1050,NL-UTC-UTRECHTLROF_CDM_37_209973,N.4.05.A,,,1448.665756,2521.962073,eui-3531313962378603,1
NL-UTC-UTRECHTLR,200,4,desk,1050,NL-UTC-UTRECHTLROF_CDM_37_209972,N.4.04.i,,,1254.946124,3088.184951,eui-3531313961377f03,1
NL-UTC-UTRECHTLR,200,4,desk,1050,NL-UTC-UTRECHTLROF_CDM_37_209971,N.4.04.H,,,1378.093276,3147.425671,eui-353131397f377c03,1
NL-UTC-UTRECHTLR,200,4,desk,1050,NL-UTC-UTRECHTLROF_CDM_37_209970,N.4.04.G,,,1266.590844,3163.725671,eui-353131394f37880f,1
NL-UTC-UTRECHTLR,200,4,desk,1050,NL-UTC-UTRECHTLROF_CDM_37_209969,N.4.04.F,,,1205.537564,2703.009432,eui-3531313961378303,1
NL-UTC-UTRECHTLR,200,4,desk,1050,NL-UTC-UTRECHTLROF_CDM_37_209968,N.4.04.E,,,1087.189133,2723.417032,eui-353131397737880f,1
NL-UTC-UTRECHTLR,200,4,desk,1050,NL-UTC-UTRECHTLROF_CDM_37_209967,N.4.04.D,,,1190.253381,2638.239752,eui-3531313978376d0b,1
NL-UTC-UTRECHTLR,200,4,desk,1050,NL-UTC-UTRECHTLROF_CDM_37_209966,N.4.04.C,,,1076.592829,2646.141992,eui-3531313956378403,1
NL-UTC-UTRECHTLR,200,4,desk,1050,NL-UTC-UTRECHTLROF_CDM_37_209965,N.4.04.B,,,1185.977565,2559.126073,eui-3531313958378903,1
NL-UTC-UTRECHTLR,200,4,desk,1050,NL-UTC-UTRECHTLROF_CDM_37_209964,N.4.04.L,,,1363.175516,2999.539031,eui-3531313955378003,1
NL-UTC-UTRECHTLR,200,4,desk,1050,NL-UTC-UTRECHTLROF_CDM_37_209963,N.4.04.K,,,1243.20882,3009.201671,eui-353131397437880f,1
NL-UTC-UTRECHTLR,200,4,desk,1050,NL-UTC-UTRECHTLROF_CDM_37_209962,N.4.04.J,,,1375.211436,3076.605431,eui-353131396f37880f,1
NL-UTC-UTRECHTLR,200,4,desk,1050,NL-UTC-UTRECHTLROF_CDM_37_209961,N.4.04.A,,,1071.921901,2571.983512,eui-353131397837680b,1
NL-UTC-UTRECHTLR,200,4,desk,1050,NL-UTC-UTRECHTLROF_CDM_37_209960,N.4.03.D,,,1029.298053,2693.711912,eui-353131397237880f,1
NL-UTC-UTRECHTLR,200,4,desk,1050,NL-UTC-UTRECHTLROF_CDM_37_209959,N.4.03.C,,,914.1352933,2708.747032,eui-3135343051376711,1
NL-UTC-UTRECHTLR,200,4,desk,1050,NL-UTC-UTRECHTLROF_CDM_37_209958,N.4.03.B,,,1024.773173,2615.471912,eui-3531313973377e03,1
NL-UTC-UTRECHTLR,200,4,desk,1050,NL-UTC-UTRECHTLROF_CDM_37_209957,N.4.03.A,,,914.6777573,2633.701832,eui-3531313963378a03,1
NL-UTC-UTRECHTLR,200,4,desk,1050,NL-UTC-UTRECHTLROF_CDM_37_209956,N.4.02.D,,,765.3045578,2728.776472,eui-353131396d37890f,1
NL-UTC-UTRECHTLR,200,4,desk,1050,NL-UTC-UTRECHTLROF_CDM_37_209955,N.4.02.C,,,642.7233421,2740.512472,eui-3531313952378003,1
NL-UTC-UTRECHTLR,200,4,desk,1050,NL-UTC-UTRECHTLROF_CDM_37_209954,N.4.02.B,,,745.7445578,2658.569112,eui-353131396f378103,1
NL-UTC-UTRECHTLR,200,4,desk,1050,NL-UTC-UTRECHTLROF_CDM_37_209953,N.4.02.A,,,630.7734862,2667.058152,eui-3338383968378201,1
NL-UTC-UTRECHTLR,200,4,desk,1050,NL-UTC-UTRECHTLROF_CDM_37_209952,N.4.01.D,,,314.9798951,2887.851432,eui-353131395d378003,1
NL-UTC-UTRECHTLR,200,4,desk,1050,NL-UTC-UTRECHTLROF_CDM_37_209951,N.4.01.C,,,319.8112151,2990.971751,eui-353131396137680b,1
NL-UTC-UTRECHTLR,200,4,desk,1050,NL-UTC-UTRECHTLROF_CDM_37_209950,N.4.01.B,,,226.9872793,2893.719432,eui-353131395a37890f,1
NL-UTC-UTRECHTLR,200,4,desk,1050,NL-UTC-UTRECHTLROF_CDM_37_209949,N.4.01.A,,,240.4276073,3014.952311,eui-353131396d376702,1
NL-UTC-UTRECHTLR,200,4,desk,1050,NL-UTC-UTRECHTLROF_CDM_37_209948,M.4.13.i,,,4274.016467,3127.174551,eui-3531313971377a0c,1
NL-UTC-UTRECHTLR,200,4,desk,1050,NL-UTC-UTRECHTLROF_CDM_37_209947,M.4.13.H,,,4273.390547,3181.355751,eui-353131395837800c,1
NL-UTC-UTRECHTLR,200,4,desk,1050,NL-UTC-UTRECHTLROF_CDM_37_209946,M.4.13.G,,,4287.525907,3299.49815,eui-353131395a377f17,1
NL-UTC-UTRECHTLR,200,4,desk,1050,NL-UTC-UTRECHTLROF_CDM_37_209945,M.4.13.F,,,4281.305827,3353.67935,eui-353131397137620b,1
NL-UTC-UTRECHTLR,200,4,desk,1050,NL-UTC-UTRECHTLROF_CDM_37_209944,M.4.13.E,,,4295.441187,3473.37351,eui-3135343080378015,1
NL-UTC-UTRECHTLR,200,4,desk,1050,NL-UTC-UTRECHTLROF_CDM_37_209943,M.4.13.D,,,4289.534067,3523.66879,eui-353131395a378717,1
NL-UTC-UTRECHTLR,200,4,desk,1050,NL-UTC-UTRECHTLROF_CDM_37_209942,M.4.13.C,,,4297.149427,3637.155909,eui-353131396b377f17,1
NL-UTC-UTRECHTLR,200,4,desk,1050,NL-UTC-UTRECHTLROF_CDM_37_209941,M.4.13.B,,,4305.377667,3696.305349,eui-353131395c378517,1
NL-UTC-UTRECHTLR,200,4,desk,1050,NL-UTC-UTRECHTLROF_CDM_37_209940,M.4.13.J,,,4265.788228,3015.552151,eui-353131396c378517,1
NL-UTC-UTRECHTLR,200,4,desk,1050,NL-UTC-UTRECHTLROF_CDM_37_209939,M.4.13.A,,,4308.637667,3813.365429,eui-3135343079377f18,1
NL-UTC-UTRECHTLR,200,4,desk,1050,NL-UTC-UTRECHTLROF_CDM_37_209938,M.4.08.H,,,2451.193993,3727.027589,eui-3731323052376819,1
NL-UTC-UTRECHTLR,200,4,desk,1050,NL-UTC-UTRECHTLROF_CDM_37_209937,M.4.08.G,,,2462.982153,3838.493509,eui-353131396237810b,1
NL-UTC-UTRECHTLR,200,4,desk,1050,NL-UTC-UTRECHTLROF_CDM_37_209936,M.4.08.F,,,2532.224553,3727.340549,eui-353131397537810b,1
NL-UTC-UTRECHTLR,200,4,desk,1050,NL-UTC-UTRECHTLROF_CDM_37_209935,M.4.08.E,,,2534.558713,3832.286469,eui-373132305e376819,1
NL-UTC-UTRECHTLR,200,4,desk,1050,NL-UTC-UTRECHTLROF_CDM_37_209934,M.4.08.D,,,2607.986952,3718.799349,eui-3731323068376819,1
NL-UTC-UTRECHTLR,200,4,desk,1050,NL-UTC-UTRECHTLROF_CDM_37_209933,M.4.08.C,,,2622.109272,3841.440549,eui-353131394d376b0b,1
NL-UTC-UTRECHTLR,200,4,desk,1050,NL-UTC-UTRECHTLROF_CDM_37_209932,M.4.08.B,,,2686.696392,3715.539349,eui-353131396837890f,1
NL-UTC-UTRECHTLR,200,4,desk,1050,NL-UTC-UTRECHTLROF_CDM_37_209931,M.4.08.A,,,2677.229352,3833.212309,eui-313534307d377f15,1
NL-UTC-UTRECHTLR,200,4,desk,1050,NL-UTC-UTRECHTLROF_CDM_37_209930,M.4.07.i,,,2139.225034,3314.68975,eui-373132305c376319,1
NL-UTC-UTRECHTLR,200,4,desk,1050,NL-UTC-UTRECHTLROF_CDM_37_209929,M.4.07.H,,,2140.268234,3366.40639,eui-353131395e37660b,1
NL-UTC-UTRECHTLR,200,4,desk,1050,NL-UTC-UTRECHTLROF_CDM_37_209928,M.4.07.G,,,2144.688794,3481.28879,eui-373132305c376219,1
NL-UTC-UTRECHTLR,200,4,desk,1050,NL-UTC-UTRECHTLROF_CDM_37_209927,M.4.07.F,,,2213.409594,3541.61183,eui-353131397b37850a,1
NL-UTC-UTRECHTLR,200,4,desk,1050,NL-UTC-UTRECHTLROF_CDM_37_209926,M.4.07.E,,,2217.830154,3651.956309,eui-373132305b376819,1
NL-UTC-UTRECHTLR,200,4,desk,1050,NL-UTC-UTRECHTLROF_CDM_37_209925,M.4.07.D,,,2149.435354,3543.17663,eui-373132305e375e19,1
NL-UTC-UTRECHTLR,200,4,desk,1050,NL-UTC-UTRECHTLROF_CDM_37_209924,M.4.07.C,,,2148.496474,3658.267669,eui-353131397c37840b,1
NL-UTC-UTRECHTLR,200,4,desk,1050,NL-UTC-UTRECHTLROF_CDM_37_209923,M.4.07.B,,,2158.498154,3715.109029,eui-373132306f376419,1
NL-UTC-UTRECHTLR,200,4,desk,1050,NL-UTC-UTRECHTLROF_CDM_37_209922,M.4.07.J,,,2125.519994,3194.799991,eui-353131397037640b,1
NL-UTC-UTRECHTLR,200,4,desk,1050,NL-UTC-UTRECHTLROF_CDM_37_209921,M.4.07.A,,,2159.645674,3825.792549,eui-3731323073379218,1
NL-UTC-UTRECHTLR,200,4,desk,1050,NL-UTC-UTRECHTLROF_CDM_37_209920,M.4.03.H,,,1079.336445,3246.021111,eui-353131395a377d03,1
NL-UTC-UTRECHTLR,200,4,desk,1050,NL-UTC-UTRECHTLROF_CDM_37_209919,M.4.03.G,,,1084.004765,3372.30047,eui-333838396c376509,1
NL-UTC-UTRECHTLR,200,4,desk,1050,NL-UTC-UTRECHTLROF_CDM_37_209918,M.4.03.F,,,1086.023357,3421.66991,eui-353131396a375f02,1
NL-UTC-UTRECHTLR,200,4,desk,1050,NL-UTC-UTRECHTLROF_CDM_37_209917,M.4.03.E,,,1091.612301,3529.56287,eui-3531313952378b03,1
NL-UTC-UTRECHTLR,200,4,desk,1050,NL-UTC-UTRECHTLROF_CDM_37_209916,M.4.03.D,,,1094.251597,3588.71231,eui-353131395b378103,1
NL-UTC-UTRECHTLR,200,4,desk,1050,NL-UTC-UTRECHTLROF_CDM_37_209915,M.4.03.C,,,1101.081949,3700.491189,eui-3531313954378103,1
NL-UTC-UTRECHTLR,200,4,desk,1050,NL-UTC-UTRECHTLROF_CDM_37_209914,M.4.03.B,,,1107.444165,3752.299109,eui-353131395b377f03,1
NL-UTC-UTRECHTLR,200,4,desk,1050,NL-UTC-UTRECHTLROF_CDM_37_209913,M.4.03.A,,,1108.799021,3876.465989,eui-353131394d378103,1
NL-UTC-UTRECHTLR,200,4,desk,1050,NL-UTC-UTRECHTLROF_CDM_37_209912,M.4.02.H,,,791.4523657,3675.154469,eui-3531313980378203,1
NL-UTC-UTRECHTLR,200,4,desk,1050,NL-UTC-UTRECHTLROF_CDM_37_209911,M.4.02.G,,,794.6028297,3787.937429,eui-333838396a378201,1
NL-UTC-UTRECHTLR,200,4,desk,1050,NL-UTC-UTRECHTLROF_CDM_37_209910,M.4.02.F,,,735.0908778,3672.950709,eui-3531313979376c0b,1
NL-UTC-UTRECHTLR,200,4,desk,1050,NL-UTC-UTRECHTLROF_CDM_37_209909,M.4.02.E,,,736.0323658,3786.776869,eui-3531313973378303,1
NL-UTC-UTRECHTLR,200,4,desk,1050,NL-UTC-UTRECHTLROF_CDM_37_209908,M.4.02.D,,,665.4716221,3675.271829,eui-353131396d376502,1
NL-UTC-UTRECHTLR,200,4,desk,1050,NL-UTC-UTRECHTLROF_CDM_37_209907,M.4.02.C,,,667.572366,3784.677429,eui-353131396637880f,1
NL-UTC-UTRECHTLR,200,4,desk,1050,NL-UTC-UTRECHTLROF_CDM_37_209906,M.4.02.B,,,587.2303183,3670.851269,eui-353131396c377d03,1
NL-UTC-UTRECHTLR,200,4,desk,1050,NL-UTC-UTRECHTLROF_CDM_37_209905,M.4.02.A,,,589.3310623,3788.980629,eui-3531313959377f03,1
NL-UTC-UTRECHTLR,200,4,room_conference,4,NL-UTC-UTRECHTLROF_CDM_29_208804,N.4.08.4,8,cr.nl.utrn.4.08.4@capgemini.com,2533.997993,2457.348873,eui-343233384937840e,1
NL-UTC-UTRECHTLR,200,4,room_conference,4,NL-UTC-UTRECHTLROF_CDM_10_209047,Z.4.11.2,3,cr.nl.utrz.4.11.2@capgemini.com,3641.315669,3951.119988,eui-333437395c376e09,1
NL-UTC-UTRECHTLR,200,4,room_conference,4,NL-UTC-UTRECHTLROF_CDM_10_209032,Z.4.09.6,3,,2992.014951,4371.373107,eui-343233386b378d10,1
NL-UTC-UTRECHTLR,200,4,room_conference,4,NL-UTC-UTRECHTLROF_CDM_10_209031,Z.4.09.5,6,cr.nl.utrz.4.09.5@capgemini.com,2835.534952,4375.011267,eui-3432333867378910,1
NL-UTC-UTRECHTLR,200,4,room_conference,4,NL-UTC-UTRECHTLROF_CDM_10_209002,Z.4.06.6,3,,2035.009354,4361.501827,eui-3334373969379008,1
NL-UTC-UTRECHTLR,200,4,room_conference,4,NL-UTC-UTRECHTLROF_CDM_10_208991,Z.4.05.3,6,cr.nl.utrz.4.05.3@capgemini.com,1551.955595,4042.778148,eui-3334373950377109,1
NL-UTC-UTRECHTLR,200,4,room_conference,4,NL-UTC-UTRECHTLROF_CDM_10_208968,Z.4.03.4,3,,1150.695237,4039.322548,eui-3334373977376d09,1
NL-UTC-UTRECHTLR,200,4,room_conference,4,NL-UTC-UTRECHTLROF_CDM_10_208959,Z.4.02.5,6,cr.nl.utrz.4.02.5@capgemini.com,604.7195662,4449.391427,eui-333437394f376e09,1
NL-UTC-UTRECHTLR,200,4,room_conference,4,NL-UTC-UTRECHTLROF_CDM_10_208940,N.4.21.6,3,cr.nl.utrn.4.21.6@capgemini.com,6691.37166,2607.634872,eui-3334373964376209,1
NL-UTC-UTRECHTLR,200,4,room_bubble,3,NL-UTC-UTRECHTLROF_CDM_10_208907,N.4.18.7,1,,5653.452863,2687.035432,eui-343233385a376e11,1
NL-UTC-UTRECHTLR,200,4,room_bubble,3,NL-UTC-UTRECHTLROF_CDM_10_208906,N.4.18.5,2,cr.nl.utrn.4.18.5eyecatcher@capgemini.com,5660.298863,2604.374872,eui-343233384937830e,1
NL-UTC-UTRECHTLR,200,4,room_conference,4,NL-UTC-UTRECHTLROF_CDM_10_208850,N.4.11.4,5,@capgemini.com,3456.77359,2367.346793,eui-333437396a376e09,2
NL-UTC-UTRECHTLR,200,4,room_conference,4,NL-UTC-UTRECHTLROF_CDM_10_208850,N.4.11.4,5,@capgemini.com,3456.77359,2367.346793,eui-333437395a376e09,2
NL-UTC-UTRECHTLR,200,4,room_conference,4,NL-UTC-UTRECHTLROF_CDM_10_208781,N.4.05.5,2,,1468.369196,3001.768871,eui-3334373959375f09,1
NL-UTC-UTRECHTLR,200,4,room_conference,4,NL-UTC-UTRECHTLROF_CDM_10_208748,N.4.03.6,6,cr.nl.utrn.4.03.6@capgemini.com,1080.429197,3050.668871,eui-333437396f377309,1
NL-UTC-UTRECHTLR,200,4,room_conference,4,NL-UTC-UTRECHTLROF_CDM_10_208743,N.4.02.3,3,,496.8918065,2701.835832,eui-3334373975377309,1
NL-UTC-UTRECHTLR,200,4,room_conference,4,NL-UTC-UTRECHTLROF_CDM_10_208737,N.4.01.4,2,,346.930503,2665.975832,eui-3334373956376d09,1
NL-UTC-UTRECHTLR,200,4,room_conference,4,NL-UTC-UTRECHTLROF_CDM_10_208720,M.4.08.6,6,,2619.162232,3536.39583,eui-343233386b377410,1
NL-UTC-UTRECHTLR,200,3,Comfort,1200,UTRECHTLR_Floor 3_CFS_6,N.3.22,,,6809.645482,2088.381689,eui-313534305e376111,1
NL-UTC-UTRECHTLR,200,3,Comfort,1200,UTRECHTLR_Floor 3_CFS_5,Z.3.06,,,2026.466373,4605.945309,eui-313534307a376411,1
NL-UTC-UTRECHTLR,200,3,Comfort,1200,UTRECHTLR_Floor 3_CFS_4,N.3.02,,,626.33268,2591.140231,eui-313534305c376b11,1
NL-UTC-UTRECHTLR,200,3,Comfort,1200,UTRECHTLR_Floor 3_CFS_3,N.3.15,,,4580.745705,2381.886192,eui-353131397c376e09,1
NL-UTC-UTRECHTLR,200,3,Comfort,1200,UTRECHTLR_Floor 3_CFS_2,N.3.09,,,2791.653991,2837.145268,eui-313534307a376711,1
NL-UTC-UTRECHTLR,200,3,Comfort,1200,UTRECHTLR_Floor 3_CFS_1,Z.3.02,,,521.5763834,4431.930035,eui-3531313964376e09,1
NL-UTC-UTRECHTLR,200,3,room_conference,4,NL-UTC-UTRECHTLROF_CDM_7_209072,Z.3.11.1,8,cr.nl.utrz.3.11.1@capgemini.com,3520.79999,3951.119988,eui-3334373965375e09,1
NL-UTC-UTRECHTLR,200,3,room_conference,4,NL-UTC-UTRECHTLROF_CDM_7_209068,Z.3.09.6,8,cr.nl.utrz.3.09.6@capgemini.com,2829.679992,4446.639987,eui-333437396e379308,1
NL-UTC-UTRECHTLR,200,3,room_conference,4,NL-UTC-UTRECHTLROF_CDM_7_208399,N.3.09.5,8,cr.nl.utrn.3.09.5@capgemini.com,2792.737672,2941.432791,eui-333437395a377809,1
NL-UTC-UTRECHTLR,200,3,room_conference,4,NL-UTC-UTRECHTLROF_CDM_7_208398,N.3.09.3,12,cr.nl.utrn.3.09.3@capgemini.com,2847.792552,2470.806153,eui-3334373960376f09,2
NL-UTC-UTRECHTLR,200,3,room_conference,4,NL-UTC-UTRECHTLROF_CDM_7_208398,N.3.09.3,12,cr.nl.utrn.3.09.3@capgemini.com,2847.792552,2470.806153,eui-3334373966376109,2
NL-UTC-UTRECHTLR,200,3,room_bubble,3,NL-UTC-UTRECHTLROF_CDM_5_240743,Z.3.04.8,,,1374.546396,4482.721667,eui-3432333857377c11,1
NL-UTC-UTRECHTLR,200,3,room_bubble,3,NL-UTC-UTRECHTLROF_CDM_5_240742,Z.3.04.6,,,1371.260316,4377.358467,eui-3334373959377a09,1
NL-UTC-UTRECHTLR,200,3,room_bubble,3,NL-UTC-UTRECHTLROF_CDM_5_240741,N.3.21.6,,,6496.527981,2218.769034,eui-333437395e375d09,2
NL-UTC-UTRECHTLR,200,3,room_bubble,3,NL-UTC-UTRECHTLROF_CDM_5_240741,N.3.21.6,,,6496.527981,2218.769034,eui-333437396b376e09,2
NL-UTC-UTRECHTLR,200,3,room_bubble,3,NL-UTC-UTRECHTLROF_CDM_5_240740,N.3.21.3,,,6477.333101,2124.411594,eui-333437397d376d09,1
NL-UTC-UTRECHTLR,200,3,room_bubble,3,NL-UTC-UTRECHTLROF_CDM_5_240739,N.3.19.8,,,6184.063502,2633.610552,eui-343233386b378310,1
NL-UTC-UTRECHTLR,200,3,room_bubble,3,NL-UTC-UTRECHTLROF_CDM_5_240738,N.3.19.6,,,6192.995902,2553.557993,eui-333437396c376209,1
NL-UTC-UTRECHTLR,200,3,desk,1050,NL-UTC-UTRECHTLROF_CDM_38_282309,M.3.12.E,,,,,eui-3433333052378a01,1
NL-UTC-UTRECHTLR,200,3,desk,1050,NL-UTC-UTRECHTLROF_CDM_38_282308,M.3.12.D,,,,,eui-353131397f378003,1
NL-UTC-UTRECHTLR,200,3,desk,1050,NL-UTC-UTRECHTLROF_CDM_38_282307,M.3.12.C,,,,,eui-3731323081378018,1
NL-UTC-UTRECHTLR,200,3,desk,1050,NL-UTC-UTRECHTLROF_CDM_38_282306,M.3.12.B,,,,,eui-3433333058378b01,1
NL-UTC-UTRECHTLR,200,3,desk,1050,NL-UTC-UTRECHTLROF_CDM_38_282305,M.3.12.A,,,,,eui-353131395e378403,1
NL-UTC-UTRECHTLR,200,3,desk,1050,NL-UTC-UTRECHTLROF_CDM_38_210702,N.3.20.P,,,6431.145421,2579.924872,eui-353131395d377f0f,1
NL-UTC-UTRECHTLR,200,3,desk,1050,NL-UTC-UTRECHTLROF_CDM_38_210701,N.3.20.O,,,6426.724861,2529.981673,eui-353131395737870f,1
NL-UTC-UTRECHTLR,200,3,desk,1050,NL-UTC-UTRECHTLROF_CDM_38_210700,N.3.20.N,,,6356.895661,2527.764873,eui-353131396737810b,1
NL-UTC-UTRECHTLR,200,3,desk,1050,NL-UTC-UTRECHTLROF_CDM_38_210699,N.3.20.M,,,6363.519981,2588.765992,eui-353131397a377f0f,1
NL-UTC-UTRECHTLR,200,3,desk,1050,NL-UTC-UTRECHTLROF_CDM_38_209606,N.3.06.F,0,@capgemini.com,1734.176555,2459.383113,eui-3433333066378001,1
NL-UTC-UTRECHTLR,200,3,desk,1050,NL-UTC-UTRECHTLROF_CDM_38_209605,N.3.06.E,0,@capgemini.com,1654.176155,2463.777593,eui-373132304e377e19,1
NL-UTC-UTRECHTLR,200,3,desk,1050,NL-UTC-UTRECHTLROF_CDM_38_209602,N.3.06.X,0,@capgemini.com,1962.845994,3112.361111,eui-3433333062376914,1
NL-UTC-UTRECHTLR,200,3,desk,1050,NL-UTC-UTRECHTLROF_CDM_38_209601,N.3.06.W,0,@capgemini.com,1877.759995,3116.559991,eui-343333305b376914,1
NL-UTC-UTRECHTLR,200,3,desk,1050,NL-UTC-UTRECHTLROF_CDM_38_209595,N.3.06.R,0,@capgemini.com,1890.799994,2451.519993,eui-353131395c37680a,1
NL-UTC-UTRECHTLR,200,3,desk,1050,NL-UTC-UTRECHTLROF_CDM_38_209594,N.3.06.Q,0,@capgemini.com,1812.559995,2451.519993,eui-3731323080377d19,1
NL-UTC-UTRECHTLR,200,3,desk,1050,NL-UTC-UTRECHTLROF_CDM_38_209589,N.3.06.L,0,@capgemini.com,1800.224155,3137.163191,eui-3433333056376514,1
NL-UTC-UTRECHTLR,200,3,desk,1050,NL-UTC-UTRECHTLROF_CDM_38_209588,N.3.06.K,0,@capgemini.com,1729.221355,3141.505511,eui-3433333062376214,1
NL-UTC-UTRECHTLR,200,3,desk,1050,NL-UTC-UTRECHTLROF_CDM_38_209582,N.3.05.F,0,@capgemini.com,1574.632155,2474.287833,eui-3731323055377812,1
NL-UTC-UTRECHTLR,200,3,desk,1050,NL-UTC-UTRECHTLROF_CDM_38_209581,N.3.05.E,0,@capgemini.com,1494.540476,2485.215353,eui-373132307b377d19,1
NL-UTC-UTRECHTLR,200,3,desk,1050,NL-UTC-UTRECHTLROF_CDM_38_209577,N.3.05.L,0,@capgemini.com,1648.399435,3147.282231,eui-343333305e376014,1
NL-UTC-UTRECHTLR,200,3,desk,1050,NL-UTC-UTRECHTLROF_CDM_38_209576,N.3.05.K,0,@capgemini.com,1567.016795,3157.883751,eui-3433333071378b01,1
NL-UTC-UTRECHTLR,200,3,desk,1050,NL-UTC-UTRECHTLROF_CDM_38_209537,M.3.07.H,0,@capgemini.com,2190.719994,3559.91999,eui-3531313952378703,1
NL-UTC-UTRECHTLR,200,3,desk,1050,NL-UTC-UTRECHTLROF_CDM_38_209536,M.3.07.G,0,@capgemini.com,2190.719994,3651.199989,eui-3433333075377f01,1
NL-UTC-UTRECHTLR,200,3,desk,1050,NL-UTC-UTRECHTLROF_CDM_38_209535,M.3.07.F,0,@capgemini.com,2125.519994,3559.91999,eui-3433333055378d01,1
NL-UTC-UTRECHTLR,200,3,desk,1050,NL-UTC-UTRECHTLROF_CDM_38_209534,M.3.07.E,0,@capgemini.com,2138.559994,3664.239989,eui-353131395b378403,1
NL-UTC-UTRECHTLR,200,3,desk,1050,NL-UTC-UTRECHTLROF_CDM_38_209533,M.3.07.D,0,@capgemini.com,2201.425834,3722.489669,eui-3531313963378803,1
NL-UTC-UTRECHTLR,200,3,desk,1050,NL-UTC-UTRECHTLROF_CDM_38_209532,M.3.07.C,0,@capgemini.com,2199.495914,3838.715189,eui-3433333078377307,1
NL-UTC-UTRECHTLR,200,3,desk,1050,NL-UTC-UTRECHTLROF_CDM_38_209531,M.3.07.B,0,@capgemini.com,2146.488314,3729.974629,eui-343333306e376414,1
NL-UTC-UTRECHTLR,200,3,desk,1050,NL-UTC-UTRECHTLROF_CDM_38_209530,M.3.07.A,0,@capgemini.com,2148.692074,3844.035509,eui-373132305b376319,1
NL-UTC-UTRECHTLR,200,3,desk,1050,NL-UTC-UTRECHTLROF_CDM_37_213971,N.3.10.T,0,@capgemini.com,3233.919991,2816.639992,eui-353131396837730b,1
NL-UTC-UTRECHTLR,200,3,desk,1050,NL-UTC-UTRECHTLROF_CDM_37_213970,N.3.10.S,0,@capgemini.com,3116.559991,2829.679992,eui-353131395b37620b,1
NL-UTC-UTRECHTLR,200,3,desk,1050,NL-UTC-UTRECHTLROF_CDM_37_213969,N.3.10.R,0,@capgemini.com,3233.919991,2894.879992,eui-353131397f378303,1
NL-UTC-UTRECHTLR,200,3,desk,1050,NL-UTC-UTRECHTLROF_CDM_37_213968,N.3.10.Q,0,@capgemini.com,3129.599991,2894.879992,eui-373132307a376f19,1
NL-UTC-UTRECHTLR,200,3,desk,1050,NL-UTC-UTRECHTLROF_CDM_37_213967,N.3.10.P,0,@capgemini.com,3246.959991,2960.079991,eui-3135343059376611,1
NL-UTC-UTRECHTLR,200,3,desk,1050,NL-UTC-UTRECHTLROF_CDM_37_213966,N.3.10.O,0,@capgemini.com,3142.639991,2973.119991,eui-353131396337600b,1
NL-UTC-UTRECHTLR,200,3,desk,1050,NL-UTC-UTRECHTLROF_CDM_37_213031,N.3.09.J,,,2945.044871,2688.235112,eui-353131396d376e09,1
NL-UTC-UTRECHTLR,200,3,desk,1050,NL-UTC-UTRECHTLROF_CDM_37_213030,N.3.09.i,,,2855.759992,2699.279992,eui-353131395d37810f,1
NL-UTC-UTRECHTLR,200,3,desk,1050,NL-UTC-UTRECHTLROF_CDM_37_213029,N.3.09.H,,,2800.392152,2707.560392,eui-353131395037670a,1
NL-UTC-UTRECHTLR,200,3,desk,1050,NL-UTC-UTRECHTLROF_CDM_37_213028,N.3.09.G,,,2715.084472,2718.618312,eui-353131395d37700a,1
NL-UTC-UTRECHTLR,200,3,desk,1050,NL-UTC-UTRECHTLROF_CDM_37_213023,N.3.11.V,0,@capgemini.com,3429.51999,2803.599992,eui-353131396437880b,1
NL-UTC-UTRECHTLR,200,3,desk,1050,NL-UTC-UTRECHTLROF_CDM_37_213022,N.3.11.U,0,@capgemini.com,3312.15999,2803.599992,eui-353131395c37890c,1
NL-UTC-UTRECHTLR,200,3,desk,1050,NL-UTC-UTRECHTLROF_CDM_37_213015,N.3.04.T,,,1058.231205,2866.804872,eui-3731323062376419,1
NL-UTC-UTRECHTLR,200,3,desk,1050,NL-UTC-UTRECHTLROF_CDM_37_213014,N.3.04.S,0,@capgemini.com,1173.599997,2855.759992,eui-353131396c37640b,1
NL-UTC-UTRECHTLR,200,3,desk,1050,NL-UTC-UTRECHTLROF_CDM_37_213013,N.3.04.R,0,@capgemini.com,1249.629716,3016.882231,eui-3433333060377614,1
NL-UTC-UTRECHTLR,200,3,desk,1050,NL-UTC-UTRECHTLROF_CDM_37_213012,N.3.04.Q,0,@capgemini.com,1369.199996,3008.041111,eui-373132305e376419,1
NL-UTC-UTRECHTLR,200,3,desk,1050,NL-UTC-UTRECHTLROF_CDM_37_213011,N.3.04.P,0,@capgemini.com,1260.678508,3097.325991,eui-373132305b376519,1
NL-UTC-UTRECHTLR,200,3,desk,1050,NL-UTC-UTRECHTLROF_CDM_37_213010,N.3.04.O,0,@capgemini.com,1373.620556,3081.860551,eui-3433333071379001,1
NL-UTC-UTRECHTLR,200,3,desk,1050,NL-UTC-UTRECHTLROF_CDM_37_213009,M.3.02.J,,,825.0003736,3812.035349,eui-373132305a376b19,1
NL-UTC-UTRECHTLR,200,3,desk,1050,NL-UTC-UTRECHTLROF_CDM_37_213008,M.3.02.i,,,821.5199976,3690.319989,eui-3433333079376414,1
NL-UTC-UTRECHTLR,200,3,desk,1050,NL-UTC-UTRECHTLROF_CDM_37_212812,N.3.16.J,0,@capgemini.com,5072.559985,2464.559993,eui-353131396d378003,1
NL-UTC-UTRECHTLR,200,3,desk,1050,NL-UTC-UTRECHTLROF_CDM_37_212811,Z.3.02.H,,,709.0160939,4316.670307,eui-3433333077376514,1
NL-UTC-UTRECHTLR,200,3,desk,1050,NL-UTC-UTRECHTLROF_CDM_37_212810,Z.3.02.G,,,598.0665583,4318.887107,eui-3731323070379018,1
NL-UTC-UTRECHTLR,200,3,desk,1050,NL-UTC-UTRECHTLROF_CDM_37_209903,Z.3.10.H,0,@capgemini.com,3220.879991,4068.479988,eui-343333307a376a07,1
NL-UTC-UTRECHTLR,200,3,desk,1050,NL-UTC-UTRECHTLROF_CDM_37_209902,Z.3.10.G,0,@capgemini.com,3155.679991,4068.479988,eui-3433333078378401,1
NL-UTC-UTRECHTLR,200,3,desk,1050,NL-UTC-UTRECHTLROF_CDM_37_209901,Z.3.10.F,0,@capgemini.com,3299.11999,4016.319988,eui-373132306e376a19,1
NL-UTC-UTRECHTLR,200,3,desk,1050,NL-UTC-UTRECHTLROF_CDM_37_209900,Z.3.10.E,0,@capgemini.com,3299.11999,3925.039989,eui-3731323055376919,1
NL-UTC-UTRECHTLR,200,3,desk,1050,NL-UTC-UTRECHTLROF_CDM_37_209899,Z.3.10.D,0,@capgemini.com,3235.941191,4025.878308,eui-3433333056378b01,1
NL-UTC-UTRECHTLR,200,3,desk,1050,NL-UTC-UTRECHTLROF_CDM_37_209898,Z.3.10.C,0,@capgemini.com,3220.879991,3911.999989,eui-3433333053378c15,1
NL-UTC-UTRECHTLR,200,3,desk,1050,NL-UTC-UTRECHTLROF_CDM_37_209897,Z.3.10.B,0,@capgemini.com,3155.679991,4016.319988,eui-353131395c377f03,1
NL-UTC-UTRECHTLR,200,3,desk,1050,NL-UTC-UTRECHTLROF_CDM_37_209896,Z.3.10.A,0,@capgemini.com,3155.679991,3911.999989,eui-353131394c378403,1
NL-UTC-UTRECHTLR,200,3,desk,1050,NL-UTC-UTRECHTLROF_CDM_37_209895,Z.3.09.D,0,@capgemini.com,3015.904231,3932.916148,eui-353131396f377f03,1
NL-UTC-UTRECHTLR,200,3,desk,1050,NL-UTC-UTRECHTLROF_CDM_37_209894,Z.3.09.C,0,@capgemini.com,2895.336392,3931.273108,eui-3433333067378301,1
NL-UTC-UTRECHTLR,200,3,desk,1050,NL-UTC-UTRECHTLROF_CDM_37_209893,Z.3.09.B,0,@capgemini.com,2810.315592,3922.575429,eui-3433333053378301,1
NL-UTC-UTRECHTLR,200,3,desk,1050,NL-UTC-UTRECHTLROF_CDM_37_209892,Z.3.09.A,0,@capgemini.com,2812.089032,4038.083748,eui-3731323058376919,1
NL-UTC-UTRECHTLR,200,3,desk,1050,NL-UTC-UTRECHTLROF_CDM_37_209891,Z.3.07.i,0,@capgemini.com,2217.425914,4462.092387,eui-343333305c378301,1
NL-UTC-UTRECHTLR,200,3,desk,1050,NL-UTC-UTRECHTLROF_CDM_37_209890,Z.3.07.H,0,@capgemini.com,2332.973353,4544.752947,eui-3433333063378d01,1
NL-UTC-UTRECHTLR,200,3,desk,1050,NL-UTC-UTRECHTLROF_CDM_37_209889,Z.3.07.G,0,@capgemini.com,2219.160234,4548.351987,eui-3531313954377f03,1
NL-UTC-UTRECHTLR,200,3,desk,1050,NL-UTC-UTRECHTLROF_CDM_37_209888,Z.3.07.F,0,@capgemini.com,2179.153514,4388.351187,eui-353131395f378803,1
NL-UTC-UTRECHTLR,200,3,desk,1050,NL-UTC-UTRECHTLROF_CDM_37_209887,Z.3.07.E,0,@capgemini.com,2060.971994,4388.351187,eui-3433333077378501,1
NL-UTC-UTRECHTLR,200,3,desk,1050,NL-UTC-UTRECHTLROF_CDM_37_209886,Z.3.07.D,0,@capgemini.com,2174.759034,4471.911507,eui-3433333075377307,1
NL-UTC-UTRECHTLR,200,3,desk,1050,NL-UTC-UTRECHTLROF_CDM_37_209885,Z.3.07.C,0,@capgemini.com,2068.978554,4468.351587,eui-3531313976378803,1
NL-UTC-UTRECHTLR,200,3,desk,1050,NL-UTC-UTRECHTLROF_CDM_37_209884,Z.3.07.B,0,@capgemini.com,2179.153514,4543.905347,eui-3531313954377202,1
NL-UTC-UTRECHTLR,200,3,desk,1050,NL-UTC-UTRECHTLROF_CDM_37_209883,Z.3.07.R,0,@capgemini.com,2490.639993,4394.479987,eui-3433333059376414,1
NL-UTC-UTRECHTLR,200,3,desk,1050,NL-UTC-UTRECHTLROF_CDM_37_209882,Z.3.07.Q,0,@capgemini.com,2373.279993,4394.479987,eui-353131395d378803,1
NL-UTC-UTRECHTLR,200,3,desk,1050,NL-UTC-UTRECHTLROF_CDM_37_209881,Z.3.07.P,0,@capgemini.com,2490.861673,4475.145427,eui-3531313975377e03,1
NL-UTC-UTRECHTLR,200,3,desk,1050,NL-UTC-UTRECHTLROF_CDM_37_209880,Z.3.07.O,0,@capgemini.com,2373.279993,4472.719987,eui-3433333069376414,1
NL-UTC-UTRECHTLR,200,3,desk,1050,NL-UTC-UTRECHTLROF_CDM_37_209879,Z.3.07.N,0,@capgemini.com,2497.485993,4552.955107,eui-3433333079378301,1
NL-UTC-UTRECHTLR,200,3,desk,1050,NL-UTC-UTRECHTLROF_CDM_37_209878,Z.3.07.M,0,@capgemini.com,2373.279993,4550.959987,eui-353131394c378003,1
NL-UTC-UTRECHTLR,200,3,desk,1050,NL-UTC-UTRECHTLROF_CDM_37_209877,Z.3.07.L,0,@capgemini.com,2335.568313,4398.861427,eui-343333304e378301,1
NL-UTC-UTRECHTLR,200,3,desk,1050,NL-UTC-UTRECHTLROF_CDM_37_209876,Z.3.07.K,0,@capgemini.com,2216.487034,4391.024387,eui-353131394e377102,1
NL-UTC-UTRECHTLR,200,3,desk,1050,NL-UTC-UTRECHTLROF_CDM_37_209875,Z.3.07.J,0,@capgemini.com,2333.820953,4463.018227,eui-3531313960378303,1
NL-UTC-UTRECHTLR,200,3,desk,1050,NL-UTC-UTRECHTLROF_CDM_37_209874,Z.3.07.A,0,@capgemini.com,2068.978554,4543.018627,eui-3433333073376514,1
NL-UTC-UTRECHTLR,200,3,desk,1050,NL-UTC-UTRECHTLROF_CDM_37_209873,Z.3.06.H,0,@capgemini.com,2094.758634,4229.250148,eui-3531313957376202,1
NL-UTC-UTRECHTLR,200,3,desk,1050,NL-UTC-UTRECHTLROF_CDM_37_209872,Z.3.06.G,0,@capgemini.com,1972.978074,4232.757908,eui-353131394c377102,1
NL-UTC-UTRECHTLR,200,3,desk,1050,NL-UTC-UTRECHTLROF_CDM_37_209871,Z.3.06.F,0,@capgemini.com,1976.955274,4086.462148,eui-353131395d378403,1
NL-UTC-UTRECHTLR,200,3,desk,1050,NL-UTC-UTRECHTLROF_CDM_37_209870,Z.3.06.E,0,@capgemini.com,1858.317355,4082.576228,eui-3433333079378401,1
NL-UTC-UTRECHTLR,200,3,desk,1050,NL-UTC-UTRECHTLROF_CDM_37_209869,Z.3.06.D,0,@capgemini.com,1979.145994,4010.504148,eui-3433333057378d01,1
NL-UTC-UTRECHTLR,200,3,desk,1050,NL-UTC-UTRECHTLROF_CDM_37_209868,Z.3.06.C,0,@capgemini.com,1869.375275,4009.617428,eui-353131397b378603,1
NL-UTC-UTRECHTLR,200,3,desk,1050,NL-UTC-UTRECHTLROF_CDM_37_209867,Z.3.06.B,0,@capgemini.com,1975.573034,3933.646388,eui-3531313952378c03,1
NL-UTC-UTRECHTLR,200,3,desk,1050,NL-UTC-UTRECHTLROF_CDM_37_209866,Z.3.06.A,0,@capgemini.com,1866.258715,3937.623588,eui-3433333076376514,1
NL-UTC-UTRECHTLR,200,3,desk,1050,NL-UTC-UTRECHTLROF_CDM_37_209865,Z.3.05.i,0,@capgemini.com,1708.983275,4452.351507,eui-3433333066378d01,1
NL-UTC-UTRECHTLR,200,3,desk,1050,NL-UTC-UTRECHTLROF_CDM_37_209864,Z.3.05.H,0,@capgemini.com,1831.650555,4528.752867,eui-3433333075378c15,1
NL-UTC-UTRECHTLR,200,3,desk,1050,NL-UTC-UTRECHTLROF_CDM_37_209863,Z.3.05.G,0,@capgemini.com,1715.151195,4526.092707,eui-353131397a377402,1
NL-UTC-UTRECHTLR,200,3,desk,1050,NL-UTC-UTRECHTLROF_CDM_37_209862,Z.3.05.F,0,@capgemini.com,1645.817515,4387.425347,eui-343333307e377f01,1
NL-UTC-UTRECHTLR,200,3,desk,1050,NL-UTC-UTRECHTLROF_CDM_37_209861,Z.3.05.E,0,@capgemini.com,1526.749276,4386.577747,eui-3531313964378f03,1
NL-UTC-UTRECHTLR,200,3,desk,1050,NL-UTC-UTRECHTLROF_CDM_37_209860,Z.3.05.D,0,@capgemini.com,1644.982955,4467.425747,eui-373132306b378b18,1
NL-UTC-UTRECHTLR,200,3,desk,1050,NL-UTC-UTRECHTLROF_CDM_37_209859,Z.3.05.C,0,@capgemini.com,1524.975836,4468.351587,eui-3433333083377f01,1
NL-UTC-UTRECHTLR,200,3,desk,1050,NL-UTC-UTRECHTLROF_CDM_37_209858,Z.3.05.T,0,@capgemini.com,1799.024475,4100.154148,eui-3731323055376819,1
NL-UTC-UTRECHTLR,200,3,desk,1050,NL-UTC-UTRECHTLROF_CDM_37_209857,Z.3.05.B,0,@capgemini.com,1645.817515,4545.691827,eui-3433333074376514,1
NL-UTC-UTRECHTLR,200,3,desk,1050,NL-UTC-UTRECHTLROF_CDM_37_209856,Z.3.05.S,0,@capgemini.com,1680.047515,4094.951188,eui-343333305f376714,1
NL-UTC-UTRECHTLR,200,3,desk,1050,NL-UTC-UTRECHTLROF_CDM_37_209855,Z.3.05.R,0,@capgemini.com,1800.145915,4034.445588,eui-3433333066378b01,1
NL-UTC-UTRECHTLR,200,3,desk,1050,NL-UTC-UTRECHTLROF_CDM_37_209854,Z.3.05.Q,0,@capgemini.com,1688.027995,4028.264628,eui-353131395d377e03,1
NL-UTC-UTRECHTLR,200,3,desk,1050,NL-UTC-UTRECHTLROF_CDM_37_209853,Z.3.05.P,0,@capgemini.com,1797.929115,3949.815988,eui-3731323063376719,1
NL-UTC-UTRECHTLR,200,3,desk,1050,NL-UTC-UTRECHTLROF_CDM_37_209852,Z.3.05.O,0,@capgemini.com,1687.571595,3951.406868,eui-3433333062378401,1
NL-UTC-UTRECHTLR,200,3,desk,1050,NL-UTC-UTRECHTLROF_CDM_37_209851,Z.3.05.N,0,@capgemini.com,1701.824315,4227.424548,eui-3731323071376a19,1
NL-UTC-UTRECHTLR,200,3,desk,1050,NL-UTC-UTRECHTLROF_CDM_37_209850,Z.3.05.M,0,@capgemini.com,1587.150555,4234.583508,eui-3531313957378403,1
NL-UTC-UTRECHTLR,200,3,desk,1050,NL-UTC-UTRECHTLROF_CDM_37_209849,Z.3.05.L,0,@capgemini.com,1826.317195,4378.584227,eui-3433333063378301,1
NL-UTC-UTRECHTLR,200,3,desk,1050,NL-UTC-UTRECHTLROF_CDM_37_209848,Z.3.05.K,0,@capgemini.com,1716.090075,4379.418787,eui-3731323062376919,1
NL-UTC-UTRECHTLR,200,3,desk,1050,NL-UTC-UTRECHTLROF_CDM_37_209847,Z.3.05.J,0,@capgemini.com,1834.310715,4450.578067,eui-3731323063379118,1
NL-UTC-UTRECHTLR,200,3,desk,1050,NL-UTC-UTRECHTLROF_CDM_37_209846,Z.3.05.A,0,@capgemini.com,1525.823436,4548.351987,eui-3731323063375e19,1
NL-UTC-UTRECHTLR,200,3,desk,1050,NL-UTC-UTRECHTLROF_CDM_37_209845,Z.3.04.i,0,@capgemini.com,1141.822821,4471.024787,eui-3433333075378d01,1
NL-UTC-UTRECHTLR,200,3,desk,1050,NL-UTC-UTRECHTLROF_CDM_37_209844,Z.3.04.H,0,@capgemini.com,1260.446396,4557.558227,eui-343333307b378301,1
NL-UTC-UTRECHTLR,200,3,desk,1050,NL-UTC-UTRECHTLROF_CDM_37_209843,Z.3.04.G,0,@capgemini.com,1138.717997,4553.137667,eui-3731323072376619,1
NL-UTC-UTRECHTLR,200,3,desk,1050,NL-UTC-UTRECHTLROF_CDM_37_209842,Z.3.04.F,0,@capgemini.com,1074.718981,4398.013827,eui-343333306f376614,1
NL-UTC-UTRECHTLR,200,3,desk,1050,NL-UTC-UTRECHTLROF_CDM_37_209841,Z.3.04.E,0,@capgemini.com,960.0269652,4396.709827,eui-3531313970378e03,1
NL-UTC-UTRECHTLR,200,3,desk,1050,NL-UTC-UTRECHTLROF_CDM_37_209840,Z.3.04.D,0,@capgemini.com,1075.633085,4475.797427,eui-3531313953378103,1
NL-UTC-UTRECHTLR,200,3,desk,1050,NL-UTC-UTRECHTLROF_CDM_37_209839,Z.3.04.C,0,@capgemini.com,955.1552212,4477.192707,eui-343333306e375f14,1
NL-UTC-UTRECHTLR,200,3,desk,1050,NL-UTC-UTRECHTLROF_CDM_37_209838,Z.3.04.B,0,@capgemini.com,1072.508701,4556.254227,eui-343333305c378501,1
NL-UTC-UTRECHTLR,200,3,desk,1050,NL-UTC-UTRECHTLROF_CDM_37_209837,Z.3.04.R,0,@capgemini.com,1412.962236,4090.361108,eui-3433333056377514,1
NL-UTC-UTRECHTLR,200,3,desk,1050,NL-UTC-UTRECHTLROF_CDM_37_209836,Z.3.04.Q,0,@capgemini.com,1295.379252,4092.564868,eui-373132306c375e19,1
NL-UTC-UTRECHTLR,200,3,desk,1050,NL-UTC-UTRECHTLROF_CDM_37_209835,Z.3.04.P,0,@capgemini.com,1408.319996,4016.319988,eui-353131395d375f02,1
NL-UTC-UTRECHTLR,200,3,desk,1050,NL-UTC-UTRECHTLROF_CDM_37_209834,Z.3.04.O,0,@capgemini.com,1297.589532,4016.319988,eui-343333305e376914,1
NL-UTC-UTRECHTLR,200,3,desk,1050,NL-UTC-UTRECHTLROF_CDM_37_209833,Z.3.04.N,0,@capgemini.com,1408.319996,3938.079988,eui-3433333069375f14,1
NL-UTC-UTRECHTLR,200,3,desk,1050,NL-UTC-UTRECHTLROF_CDM_37_209832,Z.3.04.M,0,@capgemini.com,1297.589532,3938.301668,eui-373132305b376919,1
NL-UTC-UTRECHTLR,200,3,desk,1050,NL-UTC-UTRECHTLROF_CDM_37_209831,Z.3.04.L,0,@capgemini.com,1250.311708,4396.357747,eui-3433333063378b01,1
NL-UTC-UTRECHTLR,200,3,desk,1050,NL-UTC-UTRECHTLROF_CDM_37_209830,Z.3.04.K,0,@capgemini.com,1139.156141,4392.758707,eui-3731323077379018,1
NL-UTC-UTRECHTLR,200,1,room_conference,4,NL-UTC-UTRECHTLROF_CDM_10_285487,N.1.21.4,8,@capgemini.com,,,eui-3334373962376b09,2
NL-UTC-UTRECHTLR,200,1,room_conference,4,NL-UTC-UTRECHTLROF_CDM_10_285487,N.1.21.4,8,@capgemini.com,,,eui-3334373966379408,2
NL-UTC-UTRECHTLR,200,3,desk,1050,NL-UTC-UTRECHTLROF_CDM_37_209828,Z.3.04.A,0,@capgemini.com,959.1376372,4554.885027,eui-353131395c375f02,1
NL-UTC-UTRECHTLR,200,3,desk,1050,NL-UTC-UTRECHTLROF_CDM_37_209827,Z.3.03.F,0,@capgemini.com,890.7180614,4389.629107,eui-3433333062376814,1
NL-UTC-UTRECHTLR,200,3,desk,1050,NL-UTC-UTRECHTLROF_CDM_37_209826,Z.3.03.E,0,@capgemini.com,772.9081817,4390.946147,eui-3731323062378318,1
NL-UTC-UTRECHTLR,200,3,desk,1050,NL-UTC-UTRECHTLROF_CDM_37_209825,Z.3.03.D,0,@capgemini.com,890.2421014,4461.101347,eui-3531313961378003,1
NL-UTC-UTRECHTLR,200,3,desk,1050,NL-UTC-UTRECHTLROF_CDM_37_209824,Z.3.03.C,0,@capgemini.com,772.5208937,4461.101347,eui-343333306c378301,1
NL-UTC-UTRECHTLR,200,3,desk,1050,NL-UTC-UTRECHTLROF_CDM_37_209823,Z.3.03.B,0,@capgemini.com,888.5077814,4530.043827,eui-3433333062376514,1
NL-UTC-UTRECHTLR,200,3,desk,1050,NL-UTC-UTRECHTLROF_CDM_37_209822,Z.3.03.A,0,@capgemini.com,768.0325258,4535.833587,eui-3531313958377102,1
NL-UTC-UTRECHTLR,200,3,desk,1050,NL-UTC-UTRECHTLROF_CDM_37_209821,Z.3.02.F,0,@capgemini.com,706.6297739,4400.778307,eui-3731323074378f18,1
NL-UTC-UTRECHTLR,200,3,desk,1050,NL-UTC-UTRECHTLROF_CDM_37_209820,Z.3.02.E,0,@capgemini.com,590.4094703,4410.245347,eui-343333305a378c15,1
NL-UTC-UTRECHTLR,200,3,desk,1050,NL-UTC-UTRECHTLROF_CDM_37_209819,Z.3.02.D,0,@capgemini.com,704.4194939,4473.958787,eui-343333306d376414,1
NL-UTC-UTRECHTLR,200,3,desk,1050,NL-UTC-UTRECHTLROF_CDM_37_209818,Z.3.02.C,0,@capgemini.com,589.6570623,4479.070467,eui-3731323061376419,1
NL-UTC-UTRECHTLR,200,3,desk,1050,NL-UTC-UTRECHTLROF_CDM_37_209817,Z.3.02.B,0,@capgemini.com,705.5943979,4556.515027,eui-3731323052376a19,1
NL-UTC-UTRECHTLR,200,3,desk,1050,NL-UTC-UTRECHTLROF_CDM_37_209816,Z.3.02.A,0,@capgemini.com,589.1028623,4563.895667,eui-343333307a376414,1
NL-UTC-UTRECHTLR,200,3,desk,1050,NL-UTC-UTRECHTLROF_CDM_37_209801,N.3.23.H,0,@capgemini.com,7250.239979,2373.279993,eui-373132307c378118,1
NL-UTC-UTRECHTLR,200,3,desk,1050,NL-UTC-UTRECHTLROF_CDM_37_209800,N.3.23.G,0,@capgemini.com,7315.439979,2268.959993,eui-353131395237870b,1
NL-UTC-UTRECHTLR,200,3,desk,1050,NL-UTC-UTRECHTLROF_CDM_37_209799,N.3.23.F,0,@capgemini.com,7289.359979,2125.519994,eui-353131396e37830f,1
NL-UTC-UTRECHTLR,200,3,desk,1050,NL-UTC-UTRECHTLROF_CDM_37_209798,N.3.23.E,0,@capgemini.com,7185.039979,2138.559994,eui-373132306f378318,1
NL-UTC-UTRECHTLR,200,1,room_conference,4,NL-UTC-UTRECHTLROF_CDM_10_285237,Z.1.06.6,3,,,,eui-333437394e376c09,1
NL-UTC-UTRECHTLR,200,3,desk,1050,NL-UTC-UTRECHTLROF_CDM_37_209796,N.3.23.C,0,@capgemini.com,7179.771819,2065.327354,eui-353131396837830f,1
NL-UTC-UTRECHTLR,200,3,desk,1050,NL-UTC-UTRECHTLROF_CDM_37_209795,N.3.23.B,0,@capgemini.com,7282.005419,1971.061194,eui-353131395837740b,1
NL-UTC-UTRECHTLR,200,3,desk,1050,NL-UTC-UTRECHTLROF_CDM_37_209794,N.3.23.A,0,@capgemini.com,7170.839419,1979.067754,eui-353131396b378003,1
NL-UTC-UTRECHTLR,200,3,desk,1050,NL-UTC-UTRECHTLROF_CDM_37_209793,N.3.22.i,0,@capgemini.com,7010.838619,2074.220634,eui-353131395237850f,1
NL-UTC-UTRECHTLR,200,3,desk,1050,NL-UTC-UTRECHTLROF_CDM_37_209792,N.3.22.H,0,@capgemini.com,7106.839099,1991.560074,eui-353131397b37800a,1
NL-UTC-UTRECHTLR,200,3,desk,1050,NL-UTC-UTRECHTLROF_CDM_37_209791,N.3.22.G,0,@capgemini.com,7004.6707,1993.333514,eui-3731323073378517,1
NL-UTC-UTRECHTLR,200,3,desk,1050,NL-UTC-UTRECHTLROF_CDM_37_209790,N.3.22.F,0,@capgemini.com,6959.33062,2141.728714,eui-3731323058378e17,1
NL-UTC-UTRECHTLR,200,3,desk,1050,NL-UTC-UTRECHTLROF_CDM_37_209789,N.3.22.E,0,@capgemini.com,6847.33006,2158.667674,eui-353131396237810f,1
NL-UTC-UTRECHTLR,200,3,desk,1050,NL-UTC-UTRECHTLROF_CDM_37_209788,N.3.22.D,0,@capgemini.com,6841.9967,2089.333994,eui-3731323070376619,1
NL-UTC-UTRECHTLR,200,3,desk,1050,NL-UTC-UTRECHTLROF_CDM_37_209787,N.3.22.C,0,@capgemini.com,6945.11702,2077.728394,eui-3531313971376a0b,1
NL-UTC-UTRECHTLR,200,3,desk,1050,NL-UTC-UTRECHTLROF_CDM_37_209786,N.3.22.Z,0,@capgemini.com,7198.079979,2295.039993,eui-3531313979378003,1
NL-UTC-UTRECHTLR,200,3,desk,1050,NL-UTC-UTRECHTLROF_CDM_37_209785,N.3.22.Y,0,@capgemini.com,7080.719979,2321.119993,eui-3531313963378d03,1
NL-UTC-UTRECHTLR,200,3,desk,1050,NL-UTC-UTRECHTLROF_CDM_37_209784,N.3.22.X,0,@capgemini.com,7158.959979,2438.479993,eui-353131396d37660b,1
NL-UTC-UTRECHTLR,200,3,desk,1050,NL-UTC-UTRECHTLROF_CDM_37_209783,N.3.22.W,0,@capgemini.com,7041.599979,2438.479993,eui-353131397637710a,1
NL-UTC-UTRECHTLR,200,3,desk,1050,NL-UTC-UTRECHTLROF_CDM_37_209782,N.3.22.V,0,@capgemini.com,7158.959979,2490.639993,eui-353131395137870b,1
NL-UTC-UTRECHTLR,200,3,desk,1050,NL-UTC-UTRECHTLROF_CDM_37_209781,N.3.22.U,0,@capgemini.com,7041.599979,2503.679993,eui-3531313978378003,1
NL-UTC-UTRECHTLR,200,3,desk,1050,NL-UTC-UTRECHTLROF_CDM_37_209780,N.3.22.T,0,@capgemini.com,7158.959979,2542.799993,eui-353131397c378103,1
NL-UTC-UTRECHTLR,200,3,desk,1050,NL-UTC-UTRECHTLROF_CDM_37_209779,N.3.22.B,0,@capgemini.com,6942.44382,1996.893434,eui-3531313962378003,1
NL-UTC-UTRECHTLR,200,3,desk,1050,NL-UTC-UTRECHTLROF_CDM_37_209778,N.3.22.S,0,@capgemini.com,7041.599979,2568.879992,eui-353131397037830f,1
NL-UTC-UTRECHTLR,200,3,desk,1050,NL-UTC-UTRECHTLROF_CDM_37_209777,N.3.22.R,0,@capgemini.com,6976.39998,2477.599993,eui-373132306a375f19,1
NL-UTC-UTRECHTLR,200,3,desk,1050,NL-UTC-UTRECHTLROF_CDM_37_209776,N.3.22.Q,0,@capgemini.com,6872.07998,2490.639993,eui-353131397a377c0f,1
NL-UTC-UTRECHTLR,200,3,desk,1050,NL-UTC-UTRECHTLROF_CDM_37_209775,N.3.22.P,0,@capgemini.com,6994.00398,2543.556313,eui-353131397f37710a,1
NL-UTC-UTRECHTLR,200,3,desk,1050,NL-UTC-UTRECHTLROF_CDM_37_209774,N.3.22.O,0,@capgemini.com,6878.4435,2554.223033,eui-3731323075378817,1
NL-UTC-UTRECHTLR,200,3,desk,1050,NL-UTC-UTRECHTLROF_CDM_37_209773,N.3.22.N,0,@capgemini.com,6995.77742,2621.731112,eui-353131397a378903,1
NL-UTC-UTRECHTLR,200,3,desk,1050,NL-UTC-UTRECHTLROF_CDM_37_209772,N.3.22.M,0,@capgemini.com,6889.11022,2636.883592,eui-353131394f377c0f,1
NL-UTC-UTRECHTLR,200,3,desk,1050,NL-UTC-UTRECHTLROF_CDM_37_209771,N.3.22.L,0,@capgemini.com,7127.337979,2138.220954,eui-353131397137710a,1
NL-UTC-UTRECHTLR,200,3,desk,1050,NL-UTC-UTRECHTLROF_CDM_37_209770,N.3.22.K,0,@capgemini.com,7010.838619,2146.227514,eui-373132307c376a17,1
NL-UTC-UTRECHTLR,200,3,desk,1050,NL-UTC-UTRECHTLROF_CDM_37_209769,N.3.22.J,0,@capgemini.com,7123.778059,2067.061674,eui-3531313977378103,1
NL-UTC-UTRECHTLR,200,3,desk,1050,NL-UTC-UTRECHTLROF_CDM_37_209768,N.3.22.A,0,@capgemini.com,6827.7831,2011.067914,eui-353131395a376a0b,1
NL-UTC-UTRECHTLR,200,3,desk,1050,NL-UTC-UTRECHTLROF_CDM_37_209767,N.3.21.i,0,@capgemini.com,6650.399981,2347.199993,eui-3731323072378118,1
NL-UTC-UTRECHTLR,200,3,desk,1050,NL-UTC-UTRECHTLROF_CDM_37_209766,N.3.21.H,0,@capgemini.com,6618.843181,2345.335273,eui-353131395e378003,1
NL-UTC-UTRECHTLR,200,3,desk,1050,NL-UTC-UTRECHTLROF_CDM_37_209765,N.3.21.G,0,@capgemini.com,6501.509261,2348.895193,eui-3731323053377f18,1
NL-UTC-UTRECHTLR,200,3,desk,1050,NL-UTC-UTRECHTLROF_CDM_37_209762,N.3.21.D,0,@capgemini.com,6762.62222,2107.537834,eui-353131396c378903,1
NL-UTC-UTRECHTLR,200,3,desk,1050,NL-UTC-UTRECHTLROF_CDM_37_209761,N.3.21.C,0,@capgemini.com,6642.158701,2120.238794,eui-313534306b379211,1
NL-UTC-UTRECHTLR,200,3,desk,1050,NL-UTC-UTRECHTLROF_CDM_37_209760,N.3.21.B,0,@capgemini.com,6749.51702,2015.553674,eui-333838395f378001,1
NL-UTC-UTRECHTLR,200,3,desk,1050,NL-UTC-UTRECHTLROF_CDM_37_209759,N.3.21.R,0,@capgemini.com,6637.359981,2503.679993,eui-353131397637870f,1
NL-UTC-UTRECHTLR,200,3,desk,1050,NL-UTC-UTRECHTLROF_CDM_37_209757,N.3.21.P,0,@capgemini.com,6650.399981,2568.879992,eui-3531313958377f03,1
NL-UTC-UTRECHTLR,200,3,desk,1050,NL-UTC-UTRECHTLROF_CDM_37_209756,N.3.21.O,0,@capgemini.com,6533.039981,2568.879992,eui-3531313969378a0f,1
NL-UTC-UTRECHTLR,200,3,desk,1050,NL-UTC-UTRECHTLROF_CDM_37_209755,N.3.21.N,0,@capgemini.com,6650.399981,2607.999992,eui-353131396b378a0f,1
NL-UTC-UTRECHTLR,200,3,desk,1050,NL-UTC-UTRECHTLROF_CDM_37_209754,N.3.21.M,0,@capgemini.com,6533.039981,2634.079992,eui-353131394e378003,1
NL-UTC-UTRECHTLR,200,3,desk,1050,NL-UTC-UTRECHTLROF_CDM_37_209753,N.3.21.L,0,@capgemini.com,6650.399981,2673.199992,eui-3531313972378703,1
NL-UTC-UTRECHTLR,200,3,desk,1050,NL-UTC-UTRECHTLROF_CDM_37_209752,N.3.21.K,0,@capgemini.com,6546.079981,2686.239992,eui-353131395137880f,1
NL-UTC-UTRECHTLR,200,3,desk,1050,NL-UTC-UTRECHTLROF_CDM_37_209751,N.3.21.J,0,@capgemini.com,6767.75998,2347.199993,eui-373132306e379018,1
NL-UTC-UTRECHTLR,200,3,desk,1050,NL-UTC-UTRECHTLROF_CDM_37_209750,N.3.21.A,0,@capgemini.com,6634.843261,2026.220394,eui-353131396937660b,1
NL-UTC-UTRECHTLR,200,3,desk,1050,NL-UTC-UTRECHTLROF_CDM_37_209749,N.3.20.i,0,@capgemini.com,6334.571181,2384.116233,eui-3531313961377102,1
NL-UTC-UTRECHTLR,200,3,desk,1050,NL-UTC-UTRECHTLROF_CDM_37_209748,N.3.20.H,0,@capgemini.com,6274.000382,2379.995593,eui-3531313959377102,1
NL-UTC-UTRECHTLR,200,3,desk,1050,NL-UTC-UTRECHTLROF_CDM_37_209747,N.3.20.G,0,@capgemini.com,6161.999822,2384.403113,eui-353131395f378003,1
NL-UTC-UTRECHTLR,200,3,desk,1050,NL-UTC-UTRECHTLROF_CDM_37_209746,N.3.20.F,0,@capgemini.com,6349.515021,2184.395594,eui-353131395237870f,1
NL-UTC-UTRECHTLR,200,3,desk,1050,NL-UTC-UTRECHTLROF_CDM_37_209745,N.3.20.E,0,@capgemini.com,6226.000142,2196.001194,eui-3531313961378603,1
NL-UTC-UTRECHTLR,200,3,desk,1050,NL-UTC-UTRECHTLROF_CDM_37_209744,N.3.20.D,0,@capgemini.com,6338.848301,2122.220874,eui-373132306c378917,1
NL-UTC-UTRECHTLR,200,3,desk,1050,NL-UTC-UTRECHTLROF_CDM_37_209743,N.3.20.C,0,@capgemini.com,6224.174542,2126.667514,eui-353131394b37820b,1
NL-UTC-UTRECHTLR,200,3,desk,1050,NL-UTC-UTRECHTLROF_CDM_37_209742,N.3.20.B,0,@capgemini.com,6327.333981,2054.660634,eui-353131397e376c0b,1
NL-UTC-UTRECHTLR,200,3,desk,1050,NL-UTC-UTRECHTLROF_CDM_37_209741,N.3.20.L,0,@capgemini.com,6480.879981,2673.199992,eui-353131396f37870f,1
NL-UTC-UTRECHTLR,200,3,desk,1050,NL-UTC-UTRECHTLROF_CDM_37_209740,N.3.20.K,0,@capgemini.com,6350.479981,2686.239992,eui-373132305f378b17,1
NL-UTC-UTRECHTLR,200,3,desk,1050,NL-UTC-UTRECHTLROF_CDM_37_209739,N.3.20.J,0,@capgemini.com,6441.759981,2373.279993,eui-353131394e377f03,1
NL-UTC-UTRECHTLR,200,3,desk,1050,NL-UTC-UTRECHTLROF_CDM_37_209738,N.3.20.A,0,@capgemini.com,6211.773502,2064.401514,eui-373132304d378318,1
NL-UTC-UTRECHTLR,200,3,desk,1050,NL-UTC-UTRECHTLROF_CDM_37_209737,N.3.19.i,0,@capgemini.com,6067.772782,2232.395833,eui-3531313981377e03,1
NL-UTC-UTRECHTLR,200,3,desk,1050,NL-UTC-UTRECHTLROF_CDM_37_209736,N.3.19.H,0,@capgemini.com,6167.333182,2141.728714,eui-353131394b377102,1
NL-UTC-UTRECHTLR,200,3,desk,1050,NL-UTC-UTRECHTLROF_CDM_37_209735,N.3.19.G,0,@capgemini.com,6065.112622,2154.221034,eui-353131397537700b,1
NL-UTC-UTRECHTLR,200,3,desk,1050,NL-UTC-UTRECHTLROF_CDM_37_209734,N.3.19.F,0,@capgemini.com,6167.333182,2061.728314,eui-353131396e37830b,1
NL-UTC-UTRECHTLR,200,3,desk,1050,NL-UTC-UTRECHTLROF_CDM_37_209733,N.3.19.E,0,@capgemini.com,6045.513502,2075.068234,eui-353131397c378003,1
NL-UTC-UTRECHTLR,200,3,desk,1050,NL-UTC-UTRECHTLROF_CDM_37_209732,N.3.19.D,0,@capgemini.com,5998.439102,2155.994474,eui-353131397237740b,1
NL-UTC-UTRECHTLR,200,3,desk,1050,NL-UTC-UTRECHTLROF_CDM_37_209731,N.3.19.C,0,@capgemini.com,5883.778383,2172.894314,eui-3531313953378403,1
NL-UTC-UTRECHTLR,200,3,desk,1050,NL-UTC-UTRECHTLROF_CDM_37_209730,N.3.19.B,0,@capgemini.com,6001.112302,2082.227194,eui-3731323062379118,1
NL-UTC-UTRECHTLR,200,3,desk,1050,NL-UTC-UTRECHTLROF_CDM_37_209729,N.3.19.R,0,@capgemini.com,6259.199982,2725.359992,eui-353131397d376b0b,1
NL-UTC-UTRECHTLR,200,3,desk,1050,NL-UTC-UTRECHTLROF_CDM_37_209728,N.3.19.Q,0,@capgemini.com,6180.959982,2725.359992,eui-353131397237850b,1
NL-UTC-UTRECHTLR,200,3,desk,1050,NL-UTC-UTRECHTLROF_CDM_37_209727,N.3.19.O,0,@capgemini.com,5933.199983,2594.959992,eui-353131395037890f,1
NL-UTC-UTRECHTLR,200,3,desk,1050,NL-UTC-UTRECHTLROF_CDM_37_209726,N.3.19.N,0,@capgemini.com,6050.559982,2647.119992,eui-353131396937880f,1
NL-UTC-UTRECHTLR,200,3,desk,1050,NL-UTC-UTRECHTLROF_CDM_37_209724,N.3.19.L,0,@capgemini.com,6063.599982,2712.319992,eui-3731323077377d18,1
NL-UTC-UTRECHTLR,200,3,desk,1050,NL-UTC-UTRECHTLROF_CDM_37_209723,N.3.19.K,0,@capgemini.com,5946.239983,2725.359992,eui-353131395637740b,1
NL-UTC-UTRECHTLR,200,3,desk,1050,NL-UTC-UTRECHTLROF_CDM_37_209722,N.3.19.J,0,@capgemini.com,6186.006462,2215.561194,eui-353131394d37850b,1
NL-UTC-UTRECHTLR,200,3,desk,1050,NL-UTC-UTRECHTLROF_CDM_37_209721,N.3.19.A,0,@capgemini.com,5879.331743,2095.554074,eui-353131396f378a0f,1
NL-UTC-UTRECHTLR,200,3,desk,1050,NL-UTC-UTRECHTLROF_CDM_37_209720,N.3.18.D,0,@capgemini.com,5841.919983,2738.399992,eui-3135343069376711,1
NL-UTC-UTRECHTLR,200,3,desk,1050,NL-UTC-UTRECHTLROF_CDM_37_209719,N.3.18.C,0,@capgemini.com,5776.719983,2738.399992,eui-3531313979377e0a,1
NL-UTC-UTRECHTLR,200,3,desk,1050,NL-UTC-UTRECHTLROF_CDM_37_209718,N.3.18.B,0,@capgemini.com,5698.479983,2738.399992,eui-353131397e37850b,1
NL-UTC-UTRECHTLR,200,3,desk,1050,NL-UTC-UTRECHTLROF_CDM_37_209717,N.3.18.A,0,@capgemini.com,5640.125984,2751.661672,eui-313534305f376811,1
NL-UTC-UTRECHTLR,200,3,desk,1050,NL-UTC-UTRECHTLROF_CDM_37_209716,N.3.17.H,0,@capgemini.com,5463.759984,2138.559994,eui-353131397a378003,1
NL-UTC-UTRECHTLR,200,3,desk,1050,NL-UTC-UTRECHTLROF_CDM_37_209715,N.3.17.G,0,@capgemini.com,5346.399984,2151.599994,eui-353131396a37820b,1
NL-UTC-UTRECHTLR,200,3,desk,1050,NL-UTC-UTRECHTLROF_CDM_37_209714,N.3.17.F,0,@capgemini.com,5465.963744,2632.775992,eui-353131396c37830b,1
NL-UTC-UTRECHTLR,200,3,desk,1050,NL-UTC-UTRECHTLROF_CDM_37_209713,N.3.17.E,0,@capgemini.com,5475.026544,2718.487912,eui-353131396b378303,1
NL-UTC-UTRECHTLR,200,3,desk,1050,NL-UTC-UTRECHTLROF_CDM_37_209712,N.3.17.D,0,@capgemini.com,5400.555104,2639.400312,eui-373132307d376819,1
NL-UTC-UTRECHTLR,200,3,desk,1050,NL-UTC-UTRECHTLROF_CDM_37_209711,N.3.17.C,0,@capgemini.com,5411.821664,2724.890552,eui-353131397437810b,1
NL-UTC-UTRECHTLR,200,3,desk,1050,NL-UTC-UTRECHTLROF_CDM_37_209710,N.3.17.B,0,@capgemini.com,5336.176624,2641.330232,eui-353131397637810b,1
NL-UTC-UTRECHTLR,200,3,desk,1050,NL-UTC-UTRECHTLROF_CDM_37_209709,N.3.17.A,0,@capgemini.com,5341.575184,2735.791992,eui-3731323065379018,1
NL-UTC-UTRECHTLR,200,3,desk,1050,NL-UTC-UTRECHTLROF_CDM_37_209708,N.3.16.i,0,@capgemini.com,4955.199986,2477.599993,eui-373132307e376819,1
NL-UTC-UTRECHTLR,200,3,desk,1050,NL-UTC-UTRECHTLROF_CDM_37_209707,N.3.16.H,0,@capgemini.com,4968.239985,2360.239993,eui-3731323063379218,1
NL-UTC-UTRECHTLR,200,3,desk,1050,NL-UTC-UTRECHTLROF_CDM_37_209706,N.3.16.G,0,@capgemini.com,4850.879986,2373.279993,eui-3531313956378a0f,1
NL-UTC-UTRECHTLR,200,3,desk,1050,NL-UTC-UTRECHTLROF_CDM_37_209705,N.3.16.F,0,@capgemini.com,4975.085985,2301.664313,eui-353131395337870f,1
NL-UTC-UTRECHTLR,200,3,desk,1050,NL-UTC-UTRECHTLROF_CDM_37_209704,N.3.16.E,0,@capgemini.com,4850.879986,2308.079993,eui-3531313970378903,1
NL-UTC-UTRECHTLR,200,3,desk,1050,NL-UTC-UTRECHTLROF_CDM_37_209703,N.3.16.D,0,@capgemini.com,4955.199986,2229.839993,eui-3731323059378318,1
NL-UTC-UTRECHTLR,200,3,desk,1050,NL-UTC-UTRECHTLROF_CDM_37_209702,N.3.16.C,0,@capgemini.com,4848.884866,2266.964873,eui-353131397d37800a,1
NL-UTC-UTRECHTLR,200,3,desk,1050,NL-UTC-UTRECHTLROF_CDM_37_209701,N.3.16.B,0,@capgemini.com,4957.508065,2171.068714,eui-353131397837820b,1
NL-UTC-UTRECHTLR,200,3,desk,1050,NL-UTC-UTRECHTLROF_CDM_37_209699,N.3.16.A,0,@capgemini.com,4835.779666,2186.221194,eui-373132306a375d19,1
NL-UTC-UTRECHTLR,200,3,desk,1050,NL-UTC-UTRECHTLROF_CDM_37_209698,N.3.15.H,0,@capgemini.com,4841.543346,2496.768793,eui-3531313954378403,1
NL-UTC-UTRECHTLR,200,3,desk,1050,NL-UTC-UTRECHTLROF_CDM_37_209697,N.3.15.G,0,@capgemini.com,4725.513426,2496.403673,eui-3531313973378803,1
NL-UTC-UTRECHTLR,200,3,desk,1050,NL-UTC-UTRECHTLROF_CDM_37_209696,N.3.15.F,0,@capgemini.com,4786.840546,2355.063113,eui-373132304e377e18,1
NL-UTC-UTRECHTLR,200,3,desk,1050,NL-UTC-UTRECHTLROF_CDM_37_209695,N.3.15.E,0,@capgemini.com,4663.338706,2370.228633,eui-353131394f377e0a,1
NL-UTC-UTRECHTLR,200,3,desk,1050,NL-UTC-UTRECHTLROF_CDM_37_209694,N.3.15.D,0,@capgemini.com,4773.513666,2283.995113,eui-353131395437830b,1
NL-UTC-UTRECHTLR,200,3,desk,1050,NL-UTC-UTRECHTLROF_CDM_37_209693,N.3.15.C,0,@capgemini.com,4659.778786,2291.062793,eui-3531313960378003,1
NL-UTC-UTRECHTLR,200,3,desk,1050,NL-UTC-UTRECHTLROF_CDM_37_209692,N.3.15.B,0,@capgemini.com,4767.332706,2202.221274,eui-353131395f37660b,1
NL-UTC-UTRECHTLR,200,3,desk,1050,NL-UTC-UTRECHTLROF_CDM_37_209691,N.3.15.A,0,@capgemini.com,4651.772226,2213.735594,eui-353131395d37810b,1
NL-UTC-UTRECHTLR,200,3,desk,1050,NL-UTC-UTRECHTLROF_CDM_37_209690,N.3.14.i,0,@capgemini.com,4433.599987,2529.759993,eui-3135343084377911,1
NL-UTC-UTRECHTLR,200,3,desk,1050,NL-UTC-UTRECHTLROF_CDM_37_209689,N.3.14.H,0,@capgemini.com,4557.258307,2348.295353,eui-353131397b378103,1
NL-UTC-UTRECHTLR,200,3,desk,1050,NL-UTC-UTRECHTLROF_CDM_37_209688,N.3.14.G,0,@capgemini.com,4442.662787,2362.104713,eui-353131396f377f0f,1
NL-UTC-UTRECHTLR,200,3,desk,1050,NL-UTC-UTRECHTLROF_CDM_37_209687,N.3.14.F,0,@capgemini.com,4546.200387,2275.388713,eui-3531313969377c0a,1
NL-UTC-UTRECHTLR,200,3,desk,1050,NL-UTC-UTRECHTLROF_CDM_37_209686,N.3.14.E,0,@capgemini.com,4436.364467,2288.428713,eui-373132307a378018,1
NL-UTC-UTRECHTLR,200,3,desk,1050,NL-UTC-UTRECHTLROF_CDM_37_209685,N.3.14.D,0,@capgemini.com,4400.008947,2367.620633,eui-3731323062376119,1
NL-UTC-UTRECHTLR,200,3,desk,1050,NL-UTC-UTRECHTLROF_CDM_37_209684,N.3.14.C,0,@capgemini.com,4292.455027,2381.469113,eui-353131394e377e0a,1
NL-UTC-UTRECHTLR,200,3,desk,1050,NL-UTC-UTRECHTLROF_CDM_37_209683,N.3.14.B,0,@capgemini.com,4394.649507,2289.602313,eui-353131396737890f,1
NL-UTC-UTRECHTLR,200,3,desk,1050,NL-UTC-UTRECHTLROF_CDM_37_209682,N.3.14.J,0,@capgemini.com,4550.959987,2516.719993,eui-373132305f376819,1
NL-UTC-UTRECHTLR,200,3,desk,1050,NL-UTC-UTRECHTLROF_CDM_37_209681,N.3.14.A,0,@capgemini.com,4282.479427,2299.173673,eui-373132306a378718,1
NL-UTC-UTRECHTLR,200,3,desk,1050,NL-UTC-UTRECHTLROF_CDM_37_209679,N.3.11.H,0,@capgemini.com,3448.88439,2506.353193,eui-353131395637890c,1
NL-UTC-UTRECHTLR,200,3,desk,1050,NL-UTC-UTRECHTLROF_CDM_37_209678,N.3.11.G,0,@capgemini.com,3337.84879,2516.067993,eui-3731323073377e19,1
NL-UTC-UTRECHTLR,200,3,desk,1050,NL-UTC-UTRECHTLROF_CDM_37_209677,N.3.11.F,0,@capgemini.com,3441.71239,2451.389593,eui-373132304c377a19,1
NL-UTC-UTRECHTLR,200,3,desk,1050,NL-UTC-UTRECHTLROF_CDM_37_209676,N.3.11.E,0,@capgemini.com,3336.76647,2460.256793,eui-3731323080378118,1
NL-UTC-UTRECHTLR,200,3,desk,1050,NL-UTC-UTRECHTLROF_CDM_37_209675,N.3.11.D,0,@capgemini.com,3436.93975,2395.513193,eui-373132305b378517,1
NL-UTC-UTRECHTLR,200,3,desk,1050,NL-UTC-UTRECHTLROF_CDM_37_209674,N.3.11.C,0,@capgemini.com,3332.34591,2414.747193,eui-373132306b378219,1
NL-UTC-UTRECHTLR,200,3,desk,1050,NL-UTC-UTRECHTLROF_CDM_37_209673,N.3.11.T,0,@capgemini.com,3449.45815,2860.337032,eui-3731323052376718,1
NL-UTC-UTRECHTLR,200,3,desk,1050,NL-UTC-UTRECHTLROF_CDM_37_209672,N.3.11.B,0,@capgemini.com,3419.21839,2346.795753,eui-353131395137790b,1
NL-UTC-UTRECHTLR,200,3,desk,1050,NL-UTC-UTRECHTLROF_CDM_37_209671,N.3.11.S,0,@capgemini.com,3335.16255,2883.352632,eui-353131396237790b,1
NL-UTC-UTRECHTLR,200,3,desk,1050,NL-UTC-UTRECHTLROF_CDM_37_209670,N.3.11.R,0,@capgemini.com,3459.42071,2938.577031,eui-3731323066377d19,1
NL-UTC-UTRECHTLR,200,3,desk,1050,NL-UTC-UTRECHTLROF_CDM_37_209669,N.3.11.Q,0,@capgemini.com,3335.16255,2948.552631,eui-3731323064378518,1
NL-UTC-UTRECHTLR,200,3,desk,1050,NL-UTC-UTRECHTLROF_CDM_37_209668,N.3.11.P,0,@capgemini.com,3588.76447,2508.661273,eui-3731323078377018,1
NL-UTC-UTRECHTLR,200,3,desk,1050,NL-UTC-UTRECHTLROF_CDM_37_209667,N.3.11.O,0,@capgemini.com,3511.28079,2518.389113,eui-353131394e37800a,1
NL-UTC-UTRECHTLR,200,1,room_conference,4,NL-UTC-UTRECHTLROF_CDM_10_285233,N.1.20.5,6,@capgemini.com,,,eui-3432333852376811,1
NL-UTC-UTRECHTLR,200,3,desk,1050,NL-UTC-UTRECHTLROF_CDM_37_209665,N.3.11.M,0,@capgemini.com,3508.19031,2450.737593,eui-353131396637890c,1
NL-UTC-UTRECHTLR,200,3,desk,1050,NL-UTC-UTRECHTLROF_CDM_37_209664,N.3.11.L,0,@capgemini.com,3589.299109,2379.095833,eui-353131396d378b0c,1
NL-UTC-UTRECHTLR,200,3,desk,1050,NL-UTC-UTRECHTLROF_CDM_37_209663,N.3.11.K,,,3499.36223,2384.624793,eui-353131395137810b,1
NL-UTC-UTRECHTLR,200,3,desk,1050,NL-UTC-UTRECHTLROF_CDM_37_209662,N.3.11.J,,,3571.59079,2321.850233,eui-3531313969377b0a,2
NL-UTC-UTRECHTLR,200,3,desk,1050,NL-UTC-UTRECHTLROF_CDM_37_209662,N.3.11.J,,,3571.59079,2321.850233,eui-3731323055378117,2
NL-UTC-UTRECHTLR,200,3,desk,1050,NL-UTC-UTRECHTLROF_CDM_37_209661,N.3.11.A,0,@capgemini.com,3328.96855,2357.488553,eui-3731323060376218,1
NL-UTC-UTRECHTLR,200,3,desk,1050,NL-UTC-UTRECHTLROF_CDM_37_209658,N.3.10.G,0,@capgemini.com,3183.337831,2380.960553,eui-353131396f37810b,1
NL-UTC-UTRECHTLR,200,3,desk,1050,NL-UTC-UTRECHTLROF_CDM_37_209657,N.3.10.F,0,@capgemini.com,3127.996071,2504.710153,eui-353131395e378a0c,1
NL-UTC-UTRECHTLR,200,3,desk,1050,NL-UTC-UTRECHTLROF_CDM_37_209656,N.3.10.E,0,@capgemini.com,3008.849591,2520.710233,eui-353131395f376d0a,1
NL-UTC-UTRECHTLR,200,3,desk,1050,NL-UTC-UTRECHTLROF_CDM_37_209655,N.3.10.D,0,@capgemini.com,3120.002551,2419.376393,eui-313534305a376411,1
NL-UTC-UTRECHTLR,200,3,desk,1050,NL-UTC-UTRECHTLROF_CDM_37_209654,N.3.10.C,0,@capgemini.com,2998.182871,2444.269753,eui-353131395837910c,1
NL-UTC-UTRECHTLR,200,3,desk,1050,NL-UTC-UTRECHTLROF_CDM_37_209650,N.3.10.B,0,@capgemini.com,3109.335831,2354.450233,eui-353131396537880c,1
NL-UTC-UTRECHTLR,200,3,desk,1050,NL-UTC-UTRECHTLROF_CDM_37_209642,N.3.10.L,0,@capgemini.com,3260.49551,2498.685673,eui-353131395c37920c,1
NL-UTC-UTRECHTLR,200,3,desk,1050,NL-UTC-UTRECHTLROF_CDM_37_209641,N.3.10.K,0,@capgemini.com,3195.751911,2508.882953,eui-353131394e37870f,1
NL-UTC-UTRECHTLR,200,3,desk,1050,NL-UTC-UTRECHTLROF_CDM_37_209640,N.3.10.J,0,@capgemini.com,3264.45967,2441.374873,eui-353131396537620a,2
NL-UTC-UTRECHTLR,200,3,desk,1050,NL-UTC-UTRECHTLROF_CDM_37_209640,N.3.10.J,0,@capgemini.com,3264.45967,2441.374873,eui-353131395637620b,2
NL-UTC-UTRECHTLR,200,3,desk,1050,NL-UTC-UTRECHTLROF_CDM_37_209639,N.3.10.A,0,@capgemini.com,2991.232551,2362.652393,eui-353131394c37760b,1
NL-UTC-UTRECHTLR,200,3,desk,1050,NL-UTC-UTRECHTLROF_CDM_37_209638,N.3.19.P,0,@capgemini.com,6050.559982,2581.919992,eui-3531313955378303,1
NL-UTC-UTRECHTLR,200,3,desk,1050,NL-UTC-UTRECHTLROF_CDM_37_209637,N.3.09.F,0,@capgemini.com,3053.759351,2844.923752,eui-3531313953377a0b,1
NL-UTC-UTRECHTLR,200,3,desk,1050,NL-UTC-UTRECHTLROF_CDM_37_209636,N.3.09.E,0,@capgemini.com,2933.999991,2842.719992,eui-3531313960378403,1
NL-UTC-UTRECHTLR,200,3,desk,1050,NL-UTC-UTRECHTLROF_CDM_37_209635,N.3.09.D,0,@capgemini.com,3051.359991,2907.919991,eui-353131394d378303,1
NL-UTC-UTRECHTLR,200,3,desk,1050,NL-UTC-UTRECHTLROF_CDM_37_209634,N.3.09.C,0,@capgemini.com,2946.661831,2909.106631,eui-353131396837780b,1
NL-UTC-UTRECHTLR,200,3,desk,1050,NL-UTC-UTRECHTLROF_CDM_37_209633,N.3.09.B,0,@capgemini.com,3055.115511,2973.106951,eui-353131395a37640a,1
NL-UTC-UTRECHTLR,200,3,desk,1050,NL-UTC-UTRECHTLROF_CDM_37_209631,N.3.08.i,0,@capgemini.com,2458.144313,2581.919992,eui-353131394f37870b,1
NL-UTC-UTRECHTLR,200,3,desk,1050,NL-UTC-UTRECHTLROF_CDM_37_209630,N.3.08.H,0,@capgemini.com,2555.839993,2503.679993,eui-353131395937830b,1
NL-UTC-UTRECHTLR,200,3,desk,1050,NL-UTC-UTRECHTLROF_CDM_37_209629,N.3.08.G,0,@capgemini.com,2451.519993,2516.719993,eui-3731323061378f18,1
NL-UTC-UTRECHTLR,200,3,desk,1050,NL-UTC-UTRECHTLROF_CDM_37_209628,N.3.08.F,0,@capgemini.com,2502.180393,2402.685193,eui-3731323082377219,1
NL-UTC-UTRECHTLR,200,3,desk,1050,NL-UTC-UTRECHTLROF_CDM_37_209627,N.3.08.E,0,@capgemini.com,2326.296873,2461.091353,eui-353131395d37680b,1
NL-UTC-UTRECHTLR,200,3,desk,1050,NL-UTC-UTRECHTLROF_CDM_37_209626,N.3.08.D,0,@capgemini.com,2403.506713,2580.198712,eui-373132307e378718,1
NL-UTC-UTRECHTLR,200,3,desk,1050,NL-UTC-UTRECHTLROF_CDM_37_209625,N.3.08.C,0,@capgemini.com,2303.111753,2594.816552,eui-353131397a377d0b,1
NL-UTC-UTRECHTLR,200,1,room_conference,4,NL-UTC-UTRECHTLROF_CDM_10_285232,N.1.14.5,6,cr.nl.utrn.1.14.5@capgemini.com,,,eui-333437396b376f09,1
NL-UTC-UTRECHTLR,200,3,desk,1050,NL-UTC-UTRECHTLROF_CDM_37_209621,N.3.08.J,0,@capgemini.com,2568.879992,2568.879992,eui-353131396a378703,1
NL-UTC-UTRECHTLR,200,3,desk,1050,NL-UTC-UTRECHTLROF_CDM_37_209620,N.3.08.A,0,@capgemini.com,2294.179353,2529.551353,eui-353131397c377f03,1
NL-UTC-UTRECHTLR,200,3,desk,1050,NL-UTC-UTRECHTLROF_CDM_37_209619,N.3.07.i,0,@capgemini.com,2140.424714,2609.095352,eui-373132304c377f19,1
NL-UTC-UTRECHTLR,200,3,desk,1050,NL-UTC-UTRECHTLROF_CDM_37_209618,N.3.07.H,0,@capgemini.com,2239.489593,2535.262873,eui-353131397537880b,1
NL-UTC-UTRECHTLR,200,3,desk,1050,NL-UTC-UTRECHTLROF_CDM_37_209617,N.3.07.G,0,@capgemini.com,2134.178554,2544.182233,eui-373132306e378118,1
NL-UTC-UTRECHTLR,200,3,desk,1050,NL-UTC-UTRECHTLROF_CDM_37_209616,N.3.07.F,0,@capgemini.com,2095.932234,2617.453992,eui-3731323056378318,1
NL-UTC-UTRECHTLR,200,3,desk,1050,NL-UTC-UTRECHTLROF_CDM_37_209615,N.3.07.E,0,@capgemini.com,1979.954474,2619.735992,eui-3531313974377a0b,1
NL-UTC-UTRECHTLR,200,3,desk,1050,NL-UTC-UTRECHTLROF_CDM_37_209614,N.3.07.D,0,@capgemini.com,2085.265514,2536.149593,eui-373132305d378419,1
NL-UTC-UTRECHTLR,200,3,desk,1050,NL-UTC-UTRECHTLROF_CDM_37_209613,N.3.07.C,0,@capgemini.com,1969.691994,2546.829353,eui-373132305d376619,1
NL-UTC-UTRECHTLR,200,3,desk,1050,NL-UTC-UTRECHTLROF_CDM_37_209612,N.3.07.B,0,@capgemini.com,2079.084554,2466.841993,eui-3731323055378618,1
NL-UTC-UTRECHTLR,200,3,desk,1050,NL-UTC-UTRECHTLROF_CDM_37_209611,N.3.07.J,0,@capgemini.com,2243.975353,2600.149912,eui-353131396c378703,1
NL-UTC-UTRECHTLR,200,3,desk,1050,NL-UTC-UTRECHTLROF_CDM_37_209610,N.3.07.A,0,@capgemini.com,1962.624314,2471.314713,eui-3731323054377f19,1
NL-UTC-UTRECHTLR,200,3,desk,1050,NL-UTC-UTRECHTLROF_CDM_37_209609,N.3.06.i,0,@capgemini.com,1688.380075,2978.283831,eui-3433333071376414,1
NL-UTC-UTRECHTLR,200,3,desk,1050,NL-UTC-UTRECHTLROF_CDM_37_209608,N.3.06.H,0,@capgemini.com,1803.979675,3023.780391,eui-3433333057378201,1
NL-UTC-UTRECHTLR,200,3,desk,1050,NL-UTC-UTRECHTLROF_CDM_37_209607,N.3.06.G,0,@capgemini.com,1696.843035,3040.549831,eui-3731323069376a19,1
NL-UTC-UTRECHTLR,200,3,desk,1050,NL-UTC-UTRECHTLROF_CDM_37_209604,N.3.06.D,0,@capgemini.com,1770.153915,2641.538872,eui-353131396537660b,1
NL-UTC-UTRECHTLR,200,3,desk,1050,NL-UTC-UTRECHTLROF_CDM_37_209603,N.3.06.C,0,@capgemini.com,1658.596715,2655.335192,eui-353131396937680a,1
NL-UTC-UTRECHTLR,200,3,desk,1050,NL-UTC-UTRECHTLROF_CDM_37_209600,N.3.06.V,0,@capgemini.com,1955.999994,2947.039991,eui-3731323067376819,1
NL-UTC-UTRECHTLR,200,3,desk,1050,NL-UTC-UTRECHTLROF_CDM_37_209599,N.3.06.U,0,@capgemini.com,1851.679995,2960.079991,eui-343333306f378501,1
NL-UTC-UTRECHTLR,200,3,desk,1050,NL-UTC-UTRECHTLROF_CDM_37_209598,N.3.06.T,0,@capgemini.com,1955.999994,3012.239991,eui-3433333068378d01,1
NL-UTC-UTRECHTLR,200,3,desk,1050,NL-UTC-UTRECHTLROF_CDM_37_209597,N.3.06.B,0,@capgemini.com,1757.818075,2577.903672,eui-353131394c37800b,1
NL-UTC-UTRECHTLR,200,3,desk,1050,NL-UTC-UTRECHTLROF_CDM_37_209596,N.3.06.S,0,@capgemini.com,1851.679995,3012.239991,eui-3731323066378518,1
NL-UTC-UTRECHTLR,200,3,desk,1050,NL-UTC-UTRECHTLROF_CDM_37_209593,N.3.06.P,0,@capgemini.com,1929.919994,2621.039992,eui-353131397a378203,1
NL-UTC-UTRECHTLR,200,3,desk,1050,NL-UTC-UTRECHTLROF_CDM_37_209592,N.3.06.O,0,@capgemini.com,1812.559995,2634.079992,eui-373132307f377d19,1
NL-UTC-UTRECHTLR,200,3,desk,1050,NL-UTC-UTRECHTLROF_CDM_37_209591,N.3.06.N,0,@capgemini.com,1916.879994,2568.879992,eui-373132304f378419,1
NL-UTC-UTRECHTLR,200,3,desk,1050,NL-UTC-UTRECHTLROF_CDM_37_209590,N.3.06.M,0,@capgemini.com,1812.559995,2568.879992,eui-353131397137660b,1
NL-UTC-UTRECHTLR,200,3,desk,1050,NL-UTC-UTRECHTLROF_CDM_37_209587,N.3.06.J,0,@capgemini.com,1799.937275,2964.122391,eui-353131395737630b,1
NL-UTC-UTRECHTLR,200,3,desk,1050,NL-UTC-UTRECHTLROF_CDM_37_209586,N.3.06.A,0,@capgemini.com,1656.849355,2595.207752,eui-3731323063378e18,1
NL-UTC-UTRECHTLR,200,3,desk,1050,NL-UTC-UTRECHTLROF_CDM_37_209585,N.3.05.i,0,@capgemini.com,1530.700396,2988.663671,eui-3433333065377914,1
NL-UTC-UTRECHTLR,200,3,desk,1050,NL-UTC-UTRECHTLROF_CDM_37_209584,N.3.05.H,0,@capgemini.com,1644.813435,3031.734791,eui-3433333079376514,1
NL-UTC-UTRECHTLR,200,3,desk,1050,NL-UTC-UTRECHTLROF_CDM_37_209583,N.3.05.G,0,@capgemini.com,1539.411115,3055.311111,eui-353131394f378703,1
NL-UTC-UTRECHTLR,200,1,room_conference,4,NL-UTC-UTRECHTLROF_CDM_10_285231,N.1.14.3,6,cr.nl.utrn.1.14.3@capgemini.com,,,eui-333437396e378f08,1
NL-UTC-UTRECHTLR,200,3,desk,1050,NL-UTC-UTRECHTLROF_CDM_37_209579,N.3.05.C,0,@capgemini.com,1500.773596,2669.457512,eui-3433333070378201,1
NL-UTC-UTRECHTLR,200,3,desk,1050,NL-UTC-UTRECHTLROF_CDM_37_209578,N.3.05.B,0,@capgemini.com,1606.801835,2594.542712,eui-3731323079377a19,1
NL-UTC-UTRECHTLR,200,3,desk,1050,NL-UTC-UTRECHTLROF_CDM_37_209575,N.3.05.J,0,@capgemini.com,1636.611275,2980.239831,eui-3731323073376819,1
NL-UTC-UTRECHTLR,200,3,desk,1050,NL-UTC-UTRECHTLROF_CDM_37_209574,N.3.05.A,0,@capgemini.com,1492.662716,2596.381352,eui-3531313951378303,1
NL-UTC-UTRECHTLR,200,3,desk,1050,NL-UTC-UTRECHTLROF_CDM_37_209573,N.3.04.i,,,1258.6221,2600.501992,eui-343333306c376714,1
NL-UTC-UTRECHTLR,200,3,desk,1050,NL-UTC-UTRECHTLROF_CDM_37_209572,N.3.04.H,,,1335.322076,2515.311673,eui-3433333064376214,1
NL-UTC-UTRECHTLR,200,3,desk,1050,NL-UTC-UTRECHTLROF_CDM_37_209570,N.3.04.F,,,1171.967389,2702.200952,eui-373132305c376419,1
NL-UTC-UTRECHTLR,200,3,desk,1050,NL-UTC-UTRECHTLROF_CDM_37_209569,N.3.04.E,0,@capgemini.com,1051.025301,2710.859512,eui-3731323060376519,1
NL-UTC-UTRECHTLR,200,3,desk,1050,NL-UTC-UTRECHTLROF_CDM_37_209568,N.3.04.D,0,@capgemini.com,1165.382189,2626.425512,eui-3731323069379018,1
NL-UTC-UTRECHTLR,200,3,desk,1050,NL-UTC-UTRECHTLROF_CDM_37_209567,N.3.04.C,0,@capgemini.com,1047.758781,2636.309832,eui-3433333063376014,1
NL-UTC-UTRECHTLR,200,3,desk,1050,NL-UTC-UTRECHTLROF_CDM_37_209566,N.3.04.B,0,@capgemini.com,1157.663813,2551.784553,eui-343333306f376814,1
NL-UTC-UTRECHTLR,200,3,desk,1050,NL-UTC-UTRECHTLROF_CDM_37_209565,N.3.04.N,0,@capgemini.com,1265.796708,3165.720791,eui-3433333056378e01,1
NL-UTC-UTRECHTLR,200,3,desk,1050,NL-UTC-UTRECHTLROF_CDM_37_209564,N.3.04.M,0,@capgemini.com,1382.109596,3160.987271,eui-3731323059376a19,1
NL-UTC-UTRECHTLR,200,3,desk,1050,NL-UTC-UTRECHTLROF_CDM_37_209563,N.3.04.L,,,1366.957116,2699.006152,eui-3433333060376914,1
NL-UTC-UTRECHTLR,200,3,desk,1050,NL-UTC-UTRECHTLROF_CDM_37_209562,N.3.04.K,,,1274.358772,2715.488712,eui-3731323057376419,1
NL-UTC-UTRECHTLR,200,3,desk,1050,NL-UTC-UTRECHTLROF_CDM_37_209561,N.3.04.J,,,1350.291996,2591.347912,eui-373132305a376519,1
NL-UTC-UTRECHTLR,200,3,desk,1050,NL-UTC-UTRECHTLROF_CDM_37_209560,N.3.04.A,0,@capgemini.com,1041.303981,2563.481433,eui-353131395d37640b,1
NL-UTC-UTRECHTLR,200,3,desk,1050,NL-UTC-UTRECHTLROF_CDM_37_209559,N.3.03.F,0,@capgemini.com,972.9013572,2714.967112,eui-343333306f375f14,1
NL-UTC-UTRECHTLR,200,3,desk,1050,NL-UTC-UTRECHTLROF_CDM_37_209558,N.3.03.E,0,@capgemini.com,859.1964695,2730.015272,eui-353131396e37660b,1
NL-UTC-UTRECHTLR,200,3,desk,1050,NL-UTC-UTRECHTLROF_CDM_37_209557,N.3.03.D,0,@capgemini.com,969.8108772,2644.785832,eui-3731323071376419,1
NL-UTC-UTRECHTLR,200,3,desk,1050,NL-UTC-UTRECHTLROF_CDM_37_209556,N.3.03.C,0,@capgemini.com,850.8886855,2655.309112,eui-3433333070376814,1
NL-UTC-UTRECHTLR,200,3,desk,1050,NL-UTC-UTRECHTLROF_CDM_37_209555,N.3.03.B,0,@capgemini.com,964.3588532,2564.668072,eui-3433333075378007,1
NL-UTC-UTRECHTLR,200,1,room_conference,4,NL-UTC-UTRECHTLROF_CDM_10_285230,N.1.05.5,6,cr.nl.utrn.1.05.5@capgemini.com,,,eui-343233385a378911,1
NL-UTC-UTRECHTLR,200,3,desk,1050,NL-UTC-UTRECHTLROF_CDM_37_209553,N.3.02.D,0,@capgemini.com,780.4518217,2742.690152,eui-3731323054376419,1
NL-UTC-UTRECHTLR,200,3,desk,1050,NL-UTC-UTRECHTLROF_CDM_37_209552,N.3.02.C,0,@capgemini.com,667.237238,2746.941192,eui-3433333059378201,1
NL-UTC-UTRECHTLR,200,3,desk,1050,NL-UTC-UTRECHTLROF_CDM_37_209551,N.3.02.B,0,@capgemini.com,773.6462457,2656.287112,eui-3433333073378501,1
NL-UTC-UTRECHTLR,200,3,desk,1050,NL-UTC-UTRECHTLROF_CDM_37_209550,N.3.02.A,0,@capgemini.com,662.5936941,2675.038632,eui-353131396d37640b,1
NL-UTC-UTRECHTLR,200,3,desk,1050,NL-UTC-UTRECHTLROF_CDM_37_209549,N.3.01.D,0,@capgemini.com,336.931431,2870.508232,eui-343333305e376814,1
NL-UTC-UTRECHTLR,200,3,desk,1050,NL-UTC-UTRECHTLROF_CDM_37_209548,N.3.01.C,0,@capgemini.com,348.160175,2992.340951,eui-353131396a37660b,1
NL-UTC-UTRECHTLR,200,3,desk,1050,NL-UTC-UTRECHTLROF_CDM_37_209547,N.3.01.B,0,@capgemini.com,258.6744792,2889.494472,eui-373132305e379118,1
NL-UTC-UTRECHTLR,200,3,desk,1050,NL-UTC-UTRECHTLROF_CDM_37_209545,M.3.08.H,0,@capgemini.com,2616.489032,3524.35991,eui-3433333066378401,1
NL-UTC-UTRECHTLR,200,3,desk,1050,NL-UTC-UTRECHTLROF_CDM_37_209544,M.3.08.G,0,@capgemini.com,2619.149192,3637.247189,eui-353131397237660b,1
NL-UTC-UTRECHTLR,200,3,desk,1050,NL-UTC-UTRECHTLROF_CDM_37_209543,M.3.08.F,0,@capgemini.com,2689.421752,3522.57343,eui-373132305f376119,1
NL-UTC-UTRECHTLR,200,3,desk,1050,NL-UTC-UTRECHTLROF_CDM_37_209542,M.3.08.E,0,@capgemini.com,2692.981672,3639.020629,eui-343333306c376414,1
NL-UTC-UTRECHTLR,200,3,desk,1050,NL-UTC-UTRECHTLROF_CDM_37_209541,M.3.08.D,0,@capgemini.com,2618.314632,3686.095029,eui-343333307a378401,1
NL-UTC-UTRECHTLR,200,3,desk,1050,NL-UTC-UTRECHTLROF_CDM_37_209540,M.3.08.C,0,@capgemini.com,2629.815912,3803.415909,eui-353131397b378703,1
NL-UTC-UTRECHTLR,200,3,desk,1050,NL-UTC-UTRECHTLROF_CDM_37_209539,M.3.08.B,0,@capgemini.com,2698.315032,3683.421829,eui-353131396d378303,1
NL-UTC-UTRECHTLR,200,3,desk,1050,NL-UTC-UTRECHTLROF_CDM_37_209538,M.3.08.A,0,@capgemini.com,2708.095032,3805.241509,eui-3433333075376b07,1
NL-UTC-UTRECHTLR,200,3,desk,1050,NL-UTC-UTRECHTLROF_CDM_37_209529,M.3.03.H,0,@capgemini.com,1086.739253,3251.38055,eui-373132306a376719,1
NL-UTC-UTRECHTLR,200,3,desk,1050,NL-UTC-UTRECHTLROF_CDM_37_209528,M.3.03.G,0,@capgemini.com,1093.368789,3370.94431,eui-3731323061379018,1
NL-UTC-UTRECHTLR,200,3,desk,1050,NL-UTC-UTRECHTLROF_CDM_37_209527,M.3.03.F,0,@capgemini.com,1095.359997,3416.47999,eui-373132306c376819,1
NL-UTC-UTRECHTLR,200,3,desk,1050,NL-UTC-UTRECHTLROF_CDM_37_209526,M.3.03.E,0,@capgemini.com,1095.359997,3533.83999,eui-373132306d378918,1
NL-UTC-UTRECHTLR,200,3,desk,1050,NL-UTC-UTRECHTLROF_CDM_37_209525,M.3.03.D,0,@capgemini.com,1097.421621,3584.99591,eui-3731323057376819,1
NL-UTC-UTRECHTLR,200,3,desk,1050,NL-UTC-UTRECHTLROF_CDM_37_209524,M.3.03.C,0,@capgemini.com,1107.155981,3686.095029,eui-3731323065376819,1
NL-UTC-UTRECHTLR,200,3,desk,1050,NL-UTC-UTRECHTLROF_CDM_37_209523,M.3.03.B,0,@capgemini.com,1107.155981,3732.360949,eui-3731323066379218,1
NL-UTC-UTRECHTLR,200,2,room_conference,4,NL-UTC-UTRECHTLROF_CDM_29_208245,Z.2.08.5,6,@capgemini.com,2643.507912,4483.738787,eui-333437396c377009,1
NL-UTC-UTRECHTLR,200,3,desk,1050,NL-UTC-UTRECHTLROF_CDM_37_209521,M.3.02.H,0,@capgemini.com,762.2153818,3803.415909,eui-343333307a376514,1
NL-UTC-UTRECHTLR,200,3,desk,1050,NL-UTC-UTRECHTLROF_CDM_37_209520,M.3.02.G,0,@capgemini.com,761.3273578,3694.349349,eui-3731323059376519,1
NL-UTC-UTRECHTLR,200,3,desk,1050,NL-UTC-UTRECHTLROF_CDM_37_209519,M.3.02.F,0,@capgemini.com,701.4555019,3807.914709,eui-3731323060376919,1
NL-UTC-UTRECHTLR,200,3,desk,1050,NL-UTC-UTRECHTLROF_CDM_37_209518,M.3.02.E,0,@capgemini.com,701.3603099,3691.402309,eui-343333305b376014,1
NL-UTC-UTRECHTLR,200,3,desk,1050,NL-UTC-UTRECHTLROF_CDM_37_209517,M.3.02.D,0,@capgemini.com,632.7764301,3806.975829,eui-3433333051376814,1
NL-UTC-UTRECHTLR,200,3,desk,1050,NL-UTC-UTRECHTLROF_CDM_37_209516,M.3.02.C,0,@capgemini.com,633.7087901,3696.918229,eui-373132306b376719,1
NL-UTC-UTRECHTLR,200,3,desk,1050,NL-UTC-UTRECHTLROF_CDM_37_209515,M.3.02.B,0,@capgemini.com,564.2799183,3814.565109,eui-3731323069376419,1
NL-UTC-UTRECHTLR,200,3,desk,1050,NL-UTC-UTRECHTLROF_CDM_37_209514,M.3.02.A,0,@capgemini.com,567.0430943,3690.359109,eui-3433333078376614,1
NL-UTC-UTRECHTLR,200,3,room_conference,4,NL-UTC-UTRECHTLROF_CDM_29_208671,Z.3.08.5,5,cr.nl.utrz.3.08.5video@capgemini.com,2657.734552,4486.425027,eui-3334373957376c09,1
NL-UTC-UTRECHTLR,200,3,room_conference,4,NL-UTC-UTRECHTLROF_CDM_16_211397,N.3.16.5,,,4942.538146,2704.156952,eui-333437396e376d09,1
NL-UTC-UTRECHTLR,200,3,room_conference,4,NL-UTC-UTRECHTLROF_CDM_10_227720,Z.3.06.6,6,@capgemini.com,1957.343114,4423.454867,eui-333437395e377109,1
NL-UTC-UTRECHTLR,200,3,room_conference,4,NL-UTC-UTRECHTLROF_CDM_10_208643,Z.3.05.3,3,,1552.307675,4052.766788,eui-3334373960376e09,1
NL-UTC-UTRECHTLR,200,3,room_conference,4,NL-UTC-UTRECHTLROF_CDM_10_208602,Z.3.03.4,6,cr.nl.utrz.3.03.4@capgemini.com,1150.649597,4015.159428,eui-333437396a377309,1
NL-UTC-UTRECHTLR,200,3,room_conference,4,NL-UTC-UTRECHTLROF_CDM_10_208487,N.3.18.6,6,cr.nl.utrn.3.18.6@capgemini.com,5802.473983,2632.645592,eui-333437395e376b09,1
NL-UTC-UTRECHTLR,200,3,room_conference,4,NL-UTC-UTRECHTLROF_CDM_10_208486,N.3.18.5,2,,5594.851104,2629.515992,eui-343233386e376d10,1
NL-UTC-UTRECHTLR,200,3,room_conference,4,NL-UTC-UTRECHTLROF_CDM_10_208444,N.3.13.3,8,cr.nl.utrn.3.13.3@capgemini.com,4094.142708,2321.928473,eui-3334373959376b09,2
NL-UTC-UTRECHTLR,200,3,room_conference,4,NL-UTC-UTRECHTLROF_CDM_10_208444,N.3.13.3,8,cr.nl.utrn.3.13.3@capgemini.com,4094.142708,2321.928473,eui-3334373950376e09,2
NL-UTC-UTRECHTLR,200,3,room_conference,4,NL-UTC-UTRECHTLROF_CDM_10_208443,N.3.11.6,6,,3588.63407,2895.414632,eui-333437397b377909,1
NL-UTC-UTRECHTLR,200,3,room_conference,4,NL-UTC-UTRECHTLROF_CDM_10_208316,N.3.03.6,6,cr.nl.utrn.3.03.6@capgemini.com,1116.685613,3046.313511,eui-3334373958377109,1
NL-UTC-UTRECHTLR,200,3,room_conference,4,NL-UTC-UTRECHTLROF_CDM_10_208309,N.3.02.3,3,,523.7085665,2704.991512,eui-3334373971378f08,1
NL-UTC-UTRECHTLR,200,3,room_conference,4,NL-UTC-UTRECHTLROF_CDM_10_208299,N.3.01.4,6,cr.nl.utrn.3.01.4trio@capgemini.com,341.765359,2656.430552,eui-3432333864378a10,1
NL-UTC-UTRECHTLR,200,2,Comfort,1200,UTRECHTLR_Floor 2_CFS_7,Z.2.08,,,2512.95618,4403.395035,eui-3135343061376811,1
NL-UTC-UTRECHTLR,200,2,Comfort,1200,UTRECHTLR_Floor 2_CFS_5,M.2.02,,,691.3477236,3882.260477,eui-313534305d377311,1
NL-UTC-UTRECHTLR,200,2,Comfort,1200,UTRECHTLR_Floor 2_CFS_4,N.2.04,,,1224.986357,2578.427937,eui-313534306a379211,1
NL-UTC-UTRECHTLR,200,2,Comfort,1200,UTRECHTLR_Floor 2_CFS_3,M.2.07,,,2411.475014,3670.764768,eui-3135343067379011,1
NL-UTC-UTRECHTLR,200,2,Comfort,1200,UTRECHTLR_Floor 2_CFS_2,M.2.06,,,1969.314751,2837.856257,eui-3135343069376111,1
NL-UTC-UTRECHTLR,200,2,Comfort,1200,UTRECHTLR_Floor 2_CFS_1,Z.2.05,,,1462.509367,3897.794619,eui-313534304f377111,1
NL-UTC-UTRECHTLR,200,2,room_bubble,3,NL-UTC-UTRECHTLROF_CDM_8_208162,Z.2.01.6,,,681.83291,4523.028307,eui-3432333861378d10,1
NL-UTC-UTRECHTLR,200,2,room_conference,4,NL-UTC-UTRECHTLROF_CDM_10_208077,M.2.08.6,6,@capgemini.com,2658.425672,3570.01295,eui-3334373952377109,1
NL-UTC-UTRECHTLR,200,2,room_conference,4,NL-UTC-UTRECHTLROF_CDM_7_208259,Z.2.11.1,8,cr.nl.utrz.2.11.1@capgemini.com,3551.53527,3950.846148,eui-3334373963376109,1
NL-UTC-UTRECHTLR,200,2,HiddenRoom,1150,CR NL UTR N.2.01.4 Filmstudio,N.2.01.4,8,cr.nl.utrn.2.01.4filmstudio@capgemini.com,349,2685,eui-3334373965377109,2
NL-UTC-UTRECHTLR,200,2,HiddenRoom,1150,CR NL UTR N.2.01.4 Filmstudio,N.2.01.4,8,cr.nl.utrn.2.01.4filmstudio@capgemini.com,349,2685,eui-333437394c376d09,2
NL-UTC-UTRECHTLR,200,2,room_conference,4,NL-UTC-UTRECHTLROF_CDM_7_208254,Z.2.09.8,,,3087.858951,4489.802387,eui-343233385a377f11,2
NL-UTC-UTRECHTLR,200,2,room_conference,4,NL-UTC-UTRECHTLROF_CDM_7_208254,Z.2.09.8,,,3087.858951,4489.802387,eui-343233385a378211,2
NL-UTC-UTRECHTLR,200,2,room_conference,4,NL-UTC-UTRECHTLROF_CDM_7_208163,Z.2.02.5,,,345.166191,4006.109668,eui-3334373950377009,1
NL-UTC-UTRECHTLR,200,2,room_conference,4,NL-UTC-UTRECHTLROF_CDM_7_208075,M.2.07.6,8,cr.nl.utrm.2.07.6@capgemini.com,2464.807753,3565.38375,eui-343233386b376910,1
NL-UTC-UTRECHTLR,200,2,room_bubble,3,NL-UTC-UTRECHTLROF_CDM_5_240753,Z.2.06.6C,,,2008.159994,4394.479987,eui-3334373958376d09,1
NL-UTC-UTRECHTLR,200,2,room_bubble,3,NL-UTC-UTRECHTLROF_CDM_5_240752,Z.2.06.6B,,,1982.079994,4472.719987,eui-333437394d376e09,1
NL-UTC-UTRECHTLR,200,2,room_bubble,3,NL-UTC-UTRECHTLROF_CDM_5_240751,Z.2.06.6A,,,1916.879994,4485.759987,eui-3432333864379610,1
NL-UTC-UTRECHTLR,200,2,room_bubble,3,NL-UTC-UTRECHTLROF_CDM_5_240750,Z.2.06.6,,,1945.163754,4385.156387,eui-333437395d377109,1
NL-UTC-UTRECHTLR,200,2,room_bubble,3,NL-UTC-UTRECHTLROF_CDM_5_240749,Z.2.04.8,,,1383.335356,4472.889507,eui-3432333855377911,1
NL-UTC-UTRECHTLR,200,2,room_bubble,3,NL-UTC-UTRECHTLROF_CDM_5_240748,Z.2.04.6,,,1383.335356,4383.422067,eui-333437394d377109,1
NL-UTC-UTRECHTLR,200,2,room_bubble,3,NL-UTC-UTRECHTLROF_CDM_5_240747,N.2.04.4,,,1336.939036,2665.023912,eui-3432333855377d11,1
NL-UTC-UTRECHTLR,200,2,room_bubble,3,NL-UTC-UTRECHTLROF_CDM_5_240746,N.2.04.2,,,1327.276396,2573.704792,eui-3334373975379008,1
NL-UTC-UTRECHTLR,200,2,room_bubble,3,NL-UTC-UTRECHTLROF_CDM_5_240744,N.2.01.3,,,464.9333746,2689.865112,eui-3334373963376e09,1
NL-UTC-UTRECHTLR,200,2,room_conference,4,NL-UTC-UTRECHTLROF_CDM_5_208262,Z.2.13.6,,,4264.079988,4094.559988,eui-323831397236700a,4
NL-UTC-UTRECHTLR,200,2,room_conference,4,NL-UTC-UTRECHTLROF_CDM_5_208262,Z.2.13.6,,,4264.079988,4094.559988,eui-3534313655378305,4
NL-UTC-UTRECHTLR,200,2,room_conference,4,NL-UTC-UTRECHTLROF_CDM_5_208262,Z.2.13.6,,,4264.079988,4094.559988,eui-3636333372376814,4
NL-UTC-UTRECHTLR,200,2,room_conference,4,NL-UTC-UTRECHTLROF_CDM_5_208262,Z.2.13.6,,,4264.079988,4094.559988,eui-3534313659377105,4
NL-UTC-UTRECHTLR,200,2,room_conference,4,NL-UTC-UTRECHTLROF_CDM_5_208256,Z.2.10.6,,,3312.15999,4485.759987,eui-333437394d376d09,1
NL-UTC-UTRECHTLR,200,2,desk,1050,NL-UTC-UTRECHTLROF_CDM_38_282138,M.2.13.F,,,,,eui-3433333056377e01,1
NL-UTC-UTRECHTLR,200,2,desk,1050,NL-UTC-UTRECHTLROF_CDM_38_282137,M.2.13.E,,,,,eui-3433333052378901,1
NL-UTC-UTRECHTLR,200,2,desk,1050,NL-UTC-UTRECHTLROF_CDM_38_282136,M.2.13.D,,,,,eui-3433333075376419,1
NL-UTC-UTRECHTLR,200,2,desk,1050,NL-UTC-UTRECHTLROF_CDM_38_282135,M.2.13.C,,,,,eui-3433333052378401,1
NL-UTC-UTRECHTLR,200,2,desk,1050,NL-UTC-UTRECHTLROF_CDM_38_282134,M.2.13.B,,,,,eui-3433333068378b01,1
NL-UTC-UTRECHTLR,200,2,desk,1050,NL-UTC-UTRECHTLROF_CDM_38_282133,M.2.13.A,,,,,eui-3433333061376814,1
NL-UTC-UTRECHTLR,200,2,desk,1050,NL-UTC-UTRECHTLROF_CDM_38_282129,Z.2.09.R,,,,,eui-3531313963378b0c,1
NL-UTC-UTRECHTLR,200,2,desk,1050,NL-UTC-UTRECHTLROF_CDM_38_282128,Z.2.09.Q,,,,,eui-353131396137900c,1
NL-UTC-UTRECHTLR,200,2,desk,1050,NL-UTC-UTRECHTLROF_CDM_38_282127,Z.2.09.P,,,,,eui-353131396f37640b,1
NL-UTC-UTRECHTLR,200,2,desk,1050,NL-UTC-UTRECHTLROF_CDM_38_282126,Z.2.09.O,,,,,eui-353131396c378117,1
NL-UTC-UTRECHTLR,200,2,desk,1050,NL-UTC-UTRECHTLROF_CDM_38_282125,Z.2.09.N,,,,,eui-353131395f37630b,1
NL-UTC-UTRECHTLR,200,2,desk,1050,NL-UTC-UTRECHTLROF_CDM_38_282124,Z.2.09.M,,,,,eui-353131396d37900c,1
NL-UTC-UTRECHTLR,200,2,desk,1050,NL-UTC-UTRECHTLROF_CDM_38_282123,Z.2.09.L,,,,,eui-3731323058376219,1
NL-UTC-UTRECHTLR,200,2,desk,1050,NL-UTC-UTRECHTLROF_CDM_38_282122,Z.2.09.K,,,,,eui-373132306e376b19,1
NL-UTC-UTRECHTLR,200,2,desk,1050,NL-UTC-UTRECHTLROF_CDM_38_282121,Z.2.09.J,,,,,eui-3531313971378f0c,1
NL-UTC-UTRECHTLR,200,2,desk,1050,NL-UTC-UTRECHTLROF_CDM_38_282120,Z.2.09.i,,,,,eui-373132306f376119,1
NL-UTC-UTRECHTLR,200,2,desk,1050,NL-UTC-UTRECHTLROF_CDM_38_282119,Z.2.09.H,,,,,eui-3531313977378f0c,1
NL-UTC-UTRECHTLR,200,2,desk,1050,NL-UTC-UTRECHTLROF_CDM_38_282118,Z.2.09.G,,,,,eui-353131395c37870c,1
NL-UTC-UTRECHTLR,200,2,desk,1050,NL-UTC-UTRECHTLROF_CDM_37_212809,N.2.03.J,0,@capgemini.com,1060.878325,2716.518872,eui-3731323069376618,1
NL-UTC-UTRECHTLR,200,2,desk,1050,NL-UTC-UTRECHTLROF_CDM_37_212808,N.2.03.i,0,@capgemini.com,954.3480452,2720.939432,eui-3531313969376d02,1
NL-UTC-UTRECHTLR,200,2,desk,1050,NL-UTC-UTRECHTLROF_CDM_37_212807,N.2.03.H,0,@capgemini.com,1056.457765,2629.437752,eui-353131397a376c07,1
NL-UTC-UTRECHTLR,200,2,desk,1050,NL-UTC-UTRECHTLROF_CDM_37_212806,N.2.03.G,0,@capgemini.com,938.8799973,2647.119992,eui-373132305d378c17,1
NL-UTC-UTRECHTLR,200,2,desk,1050,NL-UTC-UTRECHTLROF_CDM_37_210692,N.2.01.K,0,@capgemini.com,352.079999,2777.519992,eui-3531313956378c03,1
NL-UTC-UTRECHTLR,200,2,desk,1050,NL-UTC-UTRECHTLROF_CDM_37_210691,N.2.01.J,0,@capgemini.com,286.8799992,2686.239992,eui-3531313981377707,1
NL-UTC-UTRECHTLR,200,2,desk,1050,NL-UTC-UTRECHTLROF_CDM_37_210690,N.2.01.i,0,@capgemini.com,339.039999,2594.959992,eui-3531313953377507,1
NL-UTC-UTRECHTLR,200,2,desk,1050,NL-UTC-UTRECHTLROF_CDM_37_210242,Z.2.05.N,0,@capgemini.com,1812.729515,4079.642228,eui-3731323051376819,1
NL-UTC-UTRECHTLR,200,2,desk,1050,NL-UTC-UTRECHTLROF_CDM_37_210241,Z.2.05.M,0,@capgemini.com,1689.201595,4074.817428,eui-353131396e376c07,1
NL-UTC-UTRECHTLR,200,2,desk,1050,NL-UTC-UTRECHTLROF_CDM_37_210240,Z.2.05.L,0,@capgemini.com,1806.535515,4006.852948,eui-353131395f376807,1
NL-UTC-UTRECHTLR,200,2,desk,1050,NL-UTC-UTRECHTLROF_CDM_37_210239,Z.2.05.K,0,@capgemini.com,1691.340155,4013.881508,eui-353131396c378003,1
NL-UTC-UTRECHTLR,200,2,desk,1050,NL-UTC-UTRECHTLROF_CDM_37_210238,Z.2.05.J,0,@capgemini.com,1810.956075,3937.832228,eui-3531313965378903,1
NL-UTC-UTRECHTLR,200,2,desk,1050,NL-UTC-UTRECHTLROF_CDM_37_210237,Z.2.05.i,0,@capgemini.com,1689.579755,3932.185908,eui-353131396b376707,1
NL-UTC-UTRECHTLR,200,2,desk,1050,NL-UTC-UTRECHTLROF_CDM_37_210236,Z.2.05.B,0,@capgemini.com,1648.699355,4552.303107,eui-373132307e376919,1
NL-UTC-UTRECHTLR,200,2,desk,1050,NL-UTC-UTRECHTLROF_CDM_37_210235,Z.2.05.A,0,@capgemini.com,1532.043516,4547.217507,eui-3531313962378517,1
NL-UTC-UTRECHTLR,200,2,desk,1050,NL-UTC-UTRECHTLROF_CDM_37_210234,Z.2.05.D,0,@capgemini.com,1648.699355,4467.856067,eui-3731323076378117,1
NL-UTC-UTRECHTLR,200,2,desk,1050,NL-UTC-UTRECHTLROF_CDM_37_210233,Z.2.05.C,0,@capgemini.com,1532.043516,4467.856067,eui-353131396f377507,1
NL-UTC-UTRECHTLR,200,2,desk,1050,NL-UTC-UTRECHTLROF_CDM_37_210232,Z.2.05.F,0,@capgemini.com,1650.707515,4388.442467,eui-3531313960376807,1
NL-UTC-UTRECHTLR,200,2,desk,1050,NL-UTC-UTRECHTLROF_CDM_37_210231,Z.2.05.E,0,@capgemini.com,1529.018236,4387.373187,eui-373132305e376418,1
NL-UTC-UTRECHTLR,200,2,desk,1050,NL-UTC-UTRECHTLROF_CDM_37_209513,Z.2.09.F,0,@capgemini.com,3194.799991,4081.519988,eui-353131395937600b,1
NL-UTC-UTRECHTLR,200,2,desk,1050,NL-UTC-UTRECHTLROF_CDM_37_209512,Z.2.09.E,0,@capgemini.com,3077.439991,4081.519988,eui-343333305d376014,1
NL-UTC-UTRECHTLR,200,2,desk,1050,NL-UTC-UTRECHTLROF_CDM_37_209511,Z.2.09.D,0,@capgemini.com,3194.799991,4003.279988,eui-3433333065375f14,1
NL-UTC-UTRECHTLR,200,2,desk,1050,NL-UTC-UTRECHTLROF_CDM_37_209510,Z.2.09.C,0,@capgemini.com,3077.439991,4003.279988,eui-373132307c378217,1
NL-UTC-UTRECHTLR,200,2,desk,1050,NL-UTC-UTRECHTLROF_CDM_37_209509,Z.2.09.B,0,@capgemini.com,3194.799991,3938.079988,eui-3731323079376a17,1
NL-UTC-UTRECHTLR,200,2,desk,1050,NL-UTC-UTRECHTLROF_CDM_37_209508,Z.2.09.A,0,@capgemini.com,3077.439991,3938.079988,eui-3433333065378401,1
NL-UTC-UTRECHTLR,200,2,desk,1050,NL-UTC-UTRECHTLROF_CDM_37_209507,Z.2.08.H,0,@capgemini.com,2477.534793,4248.575428,eui-313534305a378215,1
NL-UTC-UTRECHTLR,200,2,desk,1050,NL-UTC-UTRECHTLROF_CDM_37_209506,Z.2.08.G,0,@capgemini.com,2360.239993,4244.624308,eui-373132307d377117,1
NL-UTC-UTRECHTLR,200,2,desk,1050,NL-UTC-UTRECHTLROF_CDM_37_209505,Z.2.08.F,0,@capgemini.com,2489.075193,4402.330067,eui-353131397737660b,1
NL-UTC-UTRECHTLR,200,2,desk,1050,NL-UTC-UTRECHTLROF_CDM_37_209504,Z.2.08.E,0,@capgemini.com,2373.279993,4394.479987,eui-343333306f378d01,1
NL-UTC-UTRECHTLR,200,2,desk,1050,NL-UTC-UTRECHTLROF_CDM_37_209503,Z.2.08.D,0,@capgemini.com,2486.441113,4475.145427,eui-3433333057376714,1
NL-UTC-UTRECHTLR,200,2,desk,1050,NL-UTC-UTRECHTLROF_CDM_37_209502,Z.2.08.C,0,@capgemini.com,2373.279993,4472.719987,eui-3531313954378617,1
NL-UTC-UTRECHTLR,200,2,desk,1050,NL-UTC-UTRECHTLROF_CDM_37_209501,Z.2.08.B,0,@capgemini.com,2477.599993,4550.959987,eui-3731323079378617,1
NL-UTC-UTRECHTLR,200,2,desk,1050,NL-UTC-UTRECHTLROF_CDM_37_209500,Z.2.08.A,0,@capgemini.com,2373.279993,4550.959987,eui-3433333061376514,1
NL-UTC-UTRECHTLR,200,2,desk,1050,NL-UTC-UTRECHTLROF_CDM_37_209499,Z.2.07.i,0,@capgemini.com,2216.799994,4472.719987,eui-3731323079378417,1
NL-UTC-UTRECHTLR,200,2,desk,1050,NL-UTC-UTRECHTLROF_CDM_37_209498,Z.2.07.H,0,@capgemini.com,2334.159993,4550.959987,eui-373132307e378417,1
NL-UTC-UTRECHTLR,200,2,desk,1050,NL-UTC-UTRECHTLROF_CDM_37_209497,Z.2.07.G,0,@capgemini.com,2216.799994,4550.959987,eui-3531313967376a07,1
NL-UTC-UTRECHTLR,200,2,desk,1050,NL-UTC-UTRECHTLROF_CDM_37_209496,Z.2.07.F,0,@capgemini.com,2180.105434,4396.683747,eui-353131397037610b,1
NL-UTC-UTRECHTLR,200,2,desk,1050,NL-UTC-UTRECHTLROF_CDM_37_209495,Z.2.07.E,0,@capgemini.com,2060.319994,4394.479987,eui-353131395e379008,1
NL-UTC-UTRECHTLR,200,2,desk,1050,NL-UTC-UTRECHTLROF_CDM_37_209494,Z.2.07.D,0,@capgemini.com,2184.525994,4474.923747,eui-3531313980377307,1
NL-UTC-UTRECHTLR,200,2,desk,1050,NL-UTC-UTRECHTLROF_CDM_37_209493,Z.2.07.C,0,@capgemini.com,2060.319994,4472.719987,eui-353131395937610b,1
NL-UTC-UTRECHTLR,200,2,desk,1050,NL-UTC-UTRECHTLROF_CDM_37_209492,Z.2.07.B,0,@capgemini.com,2177.901674,4555.380547,eui-353131394f377f17,1
NL-UTC-UTRECHTLR,200,2,desk,1050,NL-UTC-UTRECHTLROF_CDM_37_209491,Z.2.07.N,0,@capgemini.com,2162.644874,4249.044868,eui-3731323061378017,1
NL-UTC-UTRECHTLR,200,2,desk,1050,NL-UTC-UTRECHTLROF_CDM_37_209490,Z.2.07.M,0,@capgemini.com,2043.081114,4244.624308,eui-3531313966377f17,1
NL-UTC-UTRECHTLR,200,2,desk,1050,NL-UTC-UTRECHTLROF_CDM_37_209489,Z.2.07.L,0,@capgemini.com,2332.164873,4394.479987,eui-3731323053377017,1
NL-UTC-UTRECHTLR,200,2,desk,1050,NL-UTC-UTRECHTLROF_CDM_37_209488,Z.2.07.K,0,@capgemini.com,2216.799994,4394.479987,eui-3531313963376707,1
NL-UTC-UTRECHTLR,200,2,desk,1050,NL-UTC-UTRECHTLROF_CDM_37_209487,Z.2.07.J,0,@capgemini.com,2334.381673,4477.140547,eui-353131395b376d07,1
NL-UTC-UTRECHTLR,200,2,desk,1050,NL-UTC-UTRECHTLROF_CDM_37_209486,Z.2.07.A,0,@capgemini.com,2060.319994,4550.959987,eui-3531313967379008,1
NL-UTC-UTRECHTLR,200,2,desk,1050,NL-UTC-UTRECHTLROF_CDM_37_209485,Z.2.06.i,0,@capgemini.com,1873.561115,4009.904308,eui-3731323077376819,1
NL-UTC-UTRECHTLR,200,2,desk,1050,NL-UTC-UTRECHTLROF_CDM_37_209484,Z.2.06.H,0,@capgemini.com,1995.119994,3931.664308,eui-3731323064376819,1
NL-UTC-UTRECHTLR,200,2,desk,1050,NL-UTC-UTRECHTLROF_CDM_37_209483,Z.2.06.G,0,@capgemini.com,1873.613275,3934.037588,eui-353131396f376a07,1
NL-UTC-UTRECHTLR,200,3,desk,1050,NL-UTC-UTRECHTLROF_CDM_37_209829,Z.3.04.J,0,@capgemini.com,1255.118252,4477.101427,eui-3731323066375d19,1
NL-UTC-UTRECHTLR,200,2,desk,1050,NL-UTC-UTRECHTLROF_CDM_37_209481,Z.2.06.E,0,@capgemini.com,1712.308475,4407.480867,eui-373132304f378118,1
NL-UTC-UTRECHTLR,200,2,desk,1050,NL-UTC-UTRECHTLROF_CDM_37_209480,Z.2.06.D,0,@capgemini.com,1826.043355,4476.736307,eui-353131396d37610b,1
NL-UTC-UTRECHTLR,200,2,desk,1050,NL-UTC-UTRECHTLROF_CDM_37_209479,Z.2.06.C,0,@capgemini.com,1719.754315,4481.587187,eui-353131395f379008,1
NL-UTC-UTRECHTLR,200,2,desk,1050,NL-UTC-UTRECHTLROF_CDM_37_209478,Z.2.06.B,0,@capgemini.com,1829.094715,4553.033347,eui-3531313957376907,1
NL-UTC-UTRECHTLR,200,2,desk,1050,NL-UTC-UTRECHTLROF_CDM_37_209477,Z.2.06.N,0,@capgemini.com,1925.721114,4246.841108,eui-313534305f379218,1
NL-UTC-UTRECHTLR,200,2,desk,1050,NL-UTC-UTRECHTLROF_CDM_37_209476,Z.2.06.M,0,@capgemini.com,1812.194875,4247.740868,eui-373132306a376018,1
NL-UTC-UTRECHTLR,200,2,desk,1050,NL-UTC-UTRECHTLROF_CDM_37_209475,Z.2.06.L,0,@capgemini.com,1992.916234,4088.144308,eui-373132305e376919,1
NL-UTC-UTRECHTLR,200,2,desk,1050,NL-UTC-UTRECHTLROF_CDM_37_209474,Z.2.06.K,0,@capgemini.com,1875.764875,4085.940548,eui-3531313970376807,1
NL-UTC-UTRECHTLR,200,2,desk,1050,NL-UTC-UTRECHTLROF_CDM_37_209473,Z.2.06.J,0,@capgemini.com,1990.921114,4009.904308,eui-3531313953376a07,1
NL-UTC-UTRECHTLR,200,2,desk,1050,NL-UTC-UTRECHTLROF_CDM_37_209472,Z.2.06.A,0,@capgemini.com,1714.238395,4553.959187,eui-3731323077378417,1
NL-UTC-UTRECHTLR,200,2,desk,1050,NL-UTC-UTRECHTLROF_CDM_37_209470,Z.2.05.H,0,@capgemini.com,1687.232555,4244.415668,eui-3731323064377d18,1
NL-UTC-UTRECHTLR,200,2,desk,1050,NL-UTC-UTRECHTLROF_CDM_37_209469,Z.2.05.G,0,@capgemini.com,1569.885595,4244.285268,eui-3731323053378c17,1
NL-UTC-UTRECHTLR,200,2,desk,1050,NL-UTC-UTRECHTLROF_CDM_37_209457,Z.2.04.T,0,@capgemini.com,1424.293996,4092.590948,eui-3531313969377507,1
NL-UTC-UTRECHTLR,200,2,desk,1050,NL-UTC-UTRECHTLROF_CDM_37_209456,Z.2.04.S,0,@capgemini.com,1310.480876,4086.331748,eui-3731323079377d18,1
NL-UTC-UTRECHTLR,200,2,desk,1050,NL-UTC-UTRECHTLROF_CDM_37_209455,Z.2.04.R,0,@capgemini.com,1425.597996,4011.195268,eui-3731323071376519,1
NL-UTC-UTRECHTLR,200,3,desk,1050,NL-UTC-UTRECHTLROF_CDM_37_209797,N.3.23.D,0,@capgemini.com,7289.998939,2046.667114,eui-373132305a378018,1
NL-UTC-UTRECHTLR,200,2,desk,1050,NL-UTC-UTRECHTLROF_CDM_37_209453,Z.2.04.P,0,@capgemini.com,1426.067436,3936.554308,eui-3531313955376a07,1
NL-UTC-UTRECHTLR,200,2,desk,1050,NL-UTC-UTRECHTLROF_CDM_37_209452,Z.2.04.O,0,@capgemini.com,1306.034236,3942.331028,eui-3731323069376819,1
NL-UTC-UTRECHTLR,200,2,desk,1050,NL-UTC-UTRECHTLROF_CDM_37_209451,Z.2.04.N,0,@capgemini.com,1334.539676,4241.064388,eui-3731323060379018,1
NL-UTC-UTRECHTLR,200,2,desk,1050,NL-UTC-UTRECHTLROF_CDM_37_209450,Z.2.04.M,0,@capgemini.com,1225.149724,4243.202948,eui-373132306e376619,1
NL-UTC-UTRECHTLR,200,2,desk,1050,NL-UTC-UTRECHTLROF_CDM_37_209449,Z.2.04.L,0,@capgemini.com,1279.748204,4413.987827,eui-3731323065376c18,1
NL-UTC-UTRECHTLR,200,2,desk,1050,NL-UTC-UTRECHTLROF_CDM_37_209448,Z.2.04.K,0,@capgemini.com,1163.310133,4414.926707,eui-3531313959376d07,1
NL-UTC-UTRECHTLR,200,2,desk,1050,NL-UTC-UTRECHTLROF_CDM_37_209447,Z.2.04.J,0,@capgemini.com,1279.754724,4480.700467,eui-353131396e379008,1
NL-UTC-UTRECHTLR,200,2,desk,1050,NL-UTC-UTRECHTLROF_CDM_37_209446,Z.2.04.i,0,@capgemini.com,1161.858781,4488.341907,eui-3135343075377e18,1
NL-UTC-UTRECHTLR,200,2,desk,1050,NL-UTC-UTRECHTLROF_CDM_37_209445,Z.2.04.H,0,@capgemini.com,1282.051068,4556.736707,eui-373132306d376918,1
NL-UTC-UTRECHTLR,200,2,desk,1050,NL-UTC-UTRECHTLROF_CDM_37_209444,Z.2.04.G,0,@capgemini.com,1165.088789,4557.140947,eui-353131395d378103,1
NL-UTC-UTRECHTLR,200,2,desk,1050,NL-UTC-UTRECHTLROF_CDM_37_209443,Z.2.04.F,0,@capgemini.com,1111.753885,4409.880227,eui-3531313970379008,1
NL-UTC-UTRECHTLR,200,2,desk,1050,NL-UTC-UTRECHTLROF_CDM_37_209442,Z.2.04.E,0,@capgemini.com,992.3113971,4406.398547,eui-3531313952376c07,1
NL-UTC-UTRECHTLR,200,2,desk,1050,NL-UTC-UTRECHTLROF_CDM_37_209441,Z.2.04.D,0,@capgemini.com,1110.348173,4480.700467,eui-3531313960376707,1
NL-UTC-UTRECHTLR,200,2,desk,1050,NL-UTC-UTRECHTLROF_CDM_37_209440,Z.2.04.C,0,@capgemini.com,991.9410611,4480.700467,eui-353131395d377f17,1
NL-UTC-UTRECHTLR,200,2,desk,1050,NL-UTC-UTRECHTLROF_CDM_37_209439,Z.2.04.B,0,@capgemini.com,1103.748629,4566.555827,eui-3731323071377c18,1
NL-UTC-UTRECHTLR,200,2,desk,1050,NL-UTC-UTRECHTLROF_CDM_37_209438,Z.2.04.A,0,@capgemini.com,997.0879491,4561.405027,eui-353131395d376407,1
NL-UTC-UTRECHTLR,200,2,desk,1050,NL-UTC-UTRECHTLROF_CDM_37_209437,Z.2.03.F,0,@capgemini.com,942.2873492,4414.392067,eui-353131396337610b,1
NL-UTC-UTRECHTLR,200,2,desk,1050,NL-UTC-UTRECHTLROF_CDM_37_209436,Z.2.03.E,0,@capgemini.com,824.5752696,4416.608867,eui-3531313977376e07,1
NL-UTC-UTRECHTLR,200,2,desk,1050,NL-UTC-UTRECHTLROF_CDM_37_209435,Z.2.03.D,0,@capgemini.com,944.4011332,4468.990547,eui-3531313949377507,1
NL-UTC-UTRECHTLR,200,2,desk,1050,NL-UTC-UTRECHTLROF_CDM_37_209434,Z.2.03.C,0,@capgemini.com,819.1036856,4480.687427,eui-353131396837600b,1
NL-UTC-UTRECHTLR,200,2,desk,1050,NL-UTC-UTRECHTLROF_CDM_37_209433,Z.2.03.B,0,@capgemini.com,932.8998533,4549.499507,eui-3731323055377f18,1
NL-UTC-UTRECHTLR,200,2,desk,1050,NL-UTC-UTRECHTLROF_CDM_37_209432,Z.2.03.A,0,@capgemini.com,816.6221736,4544.622547,eui-3531313957379003,1
NL-UTC-UTRECHTLR,200,2,desk,1050,NL-UTC-UTRECHTLROF_CDM_37_209431,Z.2.01.i,0,@capgemini.com,694.130934,4395.014627,eui-3731323075379118,1
NL-UTC-UTRECHTLR,200,2,desk,1050,NL-UTC-UTRECHTLROF_CDM_37_209430,Z.2.01.H,0,@capgemini.com,539.5182624,4316.135667,eui-3731323066376419,1
NL-UTC-UTRECHTLR,200,2,desk,1050,NL-UTC-UTRECHTLROF_CDM_37_209429,Z.2.01.G,0,@capgemini.com,426.2280468,4313.866707,eui-353131396c378b0c,1
NL-UTC-UTRECHTLR,200,2,desk,1050,NL-UTC-UTRECHTLROF_CDM_37_209428,Z.2.01.F,0,@capgemini.com,541.7663584,4380.631507,eui-353131396237940c,1
NL-UTC-UTRECHTLR,200,2,desk,1050,NL-UTC-UTRECHTLROF_CDM_37_209427,Z.2.01.E,0,@capgemini.com,431.7961267,4379.470947,eui-3731323069379218,1
NL-UTC-UTRECHTLR,200,2,desk,1050,NL-UTC-UTRECHTLROF_CDM_37_209426,Z.2.01.D,0,@capgemini.com,538.7841104,4482.852067,eui-353131397f378017,1
NL-UTC-UTRECHTLR,200,2,desk,1050,NL-UTC-UTRECHTLROF_CDM_37_209425,Z.2.01.C,0,@capgemini.com,426.1850148,4482.878147,eui-3731323060376819,1
NL-UTC-UTRECHTLR,200,2,desk,1050,NL-UTC-UTRECHTLROF_CDM_37_209424,Z.2.01.B,0,@capgemini.com,542.9321344,4545.131107,eui-3731323062376a19,1
NL-UTC-UTRECHTLR,200,2,desk,1050,NL-UTC-UTRECHTLROF_CDM_37_209423,Z.2.01.L,0,@capgemini.com,630.5570222,4279.545427,eui-3731323070378f18,1
NL-UTC-UTRECHTLR,200,2,desk,1050,NL-UTC-UTRECHTLROF_CDM_37_209422,Z.2.01.K,0,@capgemini.com,632.5495341,4396.905427,eui-353131396337900c,1
NL-UTC-UTRECHTLR,200,2,desk,1050,NL-UTC-UTRECHTLROF_CDM_37_209421,Z.2.01.J,0,@capgemini.com,686.222174,4281.749187,eui-3531313980377617,1
NL-UTC-UTRECHTLR,200,2,desk,1050,NL-UTC-UTRECHTLROF_CDM_37_209420,Z.2.01.A,0,@capgemini.com,422.7685348,4544.909427,eui-353131395337670b,1
NL-UTC-UTRECHTLR,200,2,desk,1050,NL-UTC-UTRECHTLROF_CDM_37_209419,N.2.04.i,0,@capgemini.com,1267.308044,3158.105431,eui-3531313962378f08,1
NL-UTC-UTRECHTLR,200,2,desk,1050,NL-UTC-UTRECHTLROF_CDM_37_209418,N.2.04.H,0,@capgemini.com,1225.977764,2855.981672,eui-3731323073376218,1
NL-UTC-UTRECHTLR,200,2,desk,1050,NL-UTC-UTRECHTLROF_CDM_37_209417,N.2.04.G,0,@capgemini.com,1104.198509,2866.804872,eui-3731323073378f17,1
NL-UTC-UTRECHTLR,200,2,desk,1050,NL-UTC-UTRECHTLROF_CDM_37_209416,N.2.04.F,0,@capgemini.com,1209.366108,2708.068952,eui-373132305c377c18,1
NL-UTC-UTRECHTLR,200,2,desk,1050,NL-UTC-UTRECHTLROF_CDM_37_209415,N.2.04.E,0,@capgemini.com,1099.505413,2716.910072,eui-3731323062377918,1
NL-UTC-UTRECHTLR,200,2,desk,1050,NL-UTC-UTRECHTLROF_CDM_37_209414,N.2.04.D,0,@capgemini.com,1208.381588,2639.152552,eui-3731323079378218,1
NL-UTC-UTRECHTLR,200,2,desk,1050,NL-UTC-UTRECHTLROF_CDM_37_209413,N.2.04.C,0,@capgemini.com,1094.629757,2648.880392,eui-3731323070378417,1
NL-UTC-UTRECHTLR,200,2,desk,1050,NL-UTC-UTRECHTLROF_CDM_37_209412,N.2.04.B,0,@capgemini.com,1192.069853,2558.304553,eui-3731323064378617,1
NL-UTC-UTRECHTLR,200,2,desk,1050,NL-UTC-UTRECHTLROF_CDM_37_209411,N.2.04.N,0,@capgemini.com,1367.426556,3006.045991,eui-3731323060378c17,1
NL-UTC-UTRECHTLR,200,2,desk,1050,NL-UTC-UTRECHTLROF_CDM_37_209410,N.2.04.M,0,@capgemini.com,1249.848788,3007.819431,eui-353131396237900c,1
NL-UTC-UTRECHTLR,200,2,desk,1050,NL-UTC-UTRECHTLROF_CDM_37_209409,N.2.04.L,0,@capgemini.com,1371.403756,3075.444871,eui-353131395e37880c,1
NL-UTC-UTRECHTLR,200,2,desk,1050,NL-UTC-UTRECHTLROF_CDM_37_209408,N.2.04.K,0,@capgemini.com,1260.678508,3088.484871,eui-3731323075378117,1
NL-UTC-UTRECHTLR,200,2,desk,1050,NL-UTC-UTRECHTLROF_CDM_37_209407,N.2.04.J,0,@capgemini.com,1378.041116,3145.065431,eui-3731323065377117,1
NL-UTC-UTRECHTLR,200,2,desk,1050,NL-UTC-UTRECHTLROF_CDM_37_209406,N.2.04.A,0,@capgemini.com,1086.241125,2569.401592,eui-3531313956378f0c,1
NL-UTC-UTRECHTLR,200,2,desk,1050,NL-UTC-UTRECHTLROF_CDM_37_209405,N.2.03.F,0,@capgemini.com,1046.240925,2553.818793,eui-373132307e376a17,1
NL-UTC-UTRECHTLR,200,2,desk,1050,NL-UTC-UTRECHTLROF_CDM_37_209404,N.2.03.E,0,@capgemini.com,931.9570613,2571.553192,eui-3531313963376d02,1
NL-UTC-UTRECHTLR,200,2,desk,1050,NL-UTC-UTRECHTLROF_CDM_37_209403,N.2.03.D,0,@capgemini.com,903.1803894,2719.583272,eui-373132307d376918,1
NL-UTC-UTRECHTLR,200,2,desk,1050,NL-UTC-UTRECHTLROF_CDM_37_209402,N.2.03.C,0,@capgemini.com,793.2962217,2727.198632,eui-3531313976377102,1
NL-UTC-UTRECHTLR,200,2,desk,1050,NL-UTC-UTRECHTLROF_CDM_37_209401,N.2.03.B,0,@capgemini.com,891.9633814,2642.777672,eui-3531313967378103,1
NL-UTC-UTRECHTLR,200,2,desk,1050,NL-UTC-UTRECHTLROF_CDM_37_209400,N.2.03.A,0,@capgemini.com,780.8704057,2652.935832,eui-3731323067377d18,1
NL-UTC-UTRECHTLR,200,2,desk,1050,NL-UTC-UTRECHTLROF_CDM_37_209399,N.2.02.F,0,@capgemini.com,832.5687896,2890.459432,eui-3731323070378a17,1
NL-UTC-UTRECHTLR,200,2,desk,1050,NL-UTC-UTRECHTLROF_CDM_37_209398,N.2.02.E,0,@capgemini.com,717.1999979,2894.879992,eui-353131396937940c,1
NL-UTC-UTRECHTLR,200,2,desk,1050,NL-UTC-UTRECHTLROF_CDM_37_209397,N.2.02.D,0,@capgemini.com,741.3526858,2739.156312,eui-3731323069376418,1
NL-UTC-UTRECHTLR,200,2,desk,1050,NL-UTC-UTRECHTLROF_CDM_37_209396,N.2.02.C,0,@capgemini.com,630.1723422,2751.570392,eui-3531313974376707,1
NL-UTC-UTRECHTLR,200,2,desk,1050,NL-UTC-UTRECHTLROF_CDM_37_209395,N.2.02.B,0,@capgemini.com,735.1052218,2665.793272,eui-353131397f377207,1
NL-UTC-UTRECHTLR,200,2,desk,1050,NL-UTC-UTRECHTLROF_CDM_37_209394,N.2.02.A,0,@capgemini.com,625.2966862,2675.155992,eui-373132305a378f17,1
NL-UTC-UTRECHTLR,200,2,desk,1050,NL-UTC-UTRECHTLROF_CDM_37_209393,N.2.01.H,0,@capgemini.com,391.1999989,2868.799992,eui-3531313971378103,1
NL-UTC-UTRECHTLR,200,2,desk,1050,NL-UTC-UTRECHTLROF_CDM_37_209392,N.2.01.G,0,@capgemini.com,404.2399988,2986.159991,eui-373132307b378117,1
NL-UTC-UTRECHTLR,200,2,desk,1050,NL-UTC-UTRECHTLROF_CDM_37_209391,N.2.01.F,0,@capgemini.com,325.999999,2881.839992,eui-373132306f376818,1
NL-UTC-UTRECHTLR,200,3,desk,1050,NL-UTC-UTRECHTLROF_CDM_37_209666,N.3.11.N,0,@capgemini.com,3591.294229,2445.417273,eui-313534306f376711,1
NL-UTC-UTRECHTLR,200,2,desk,1050,NL-UTC-UTRECHTLROF_CDM_37_209389,N.2.01.D,0,@capgemini.com,246.3425513,2890.954952,eui-3531313977378803,1
NL-UTC-UTRECHTLR,200,2,desk,1050,NL-UTC-UTRECHTLROF_CDM_37_209388,N.2.01.C,0,@capgemini.com,260.7152392,3007.649911,eui-3731323060375e19,1
NL-UTC-UTRECHTLR,200,2,desk,1050,NL-UTC-UTRECHTLROF_CDM_37_209387,N.2.01.B,0,@capgemini.com,169.8916395,2891.672152,eui-3731323083377e18,1
NL-UTC-UTRECHTLR,200,2,desk,1050,NL-UTC-UTRECHTLROF_CDM_37_209386,N.2.01.A,0,@capgemini.com,175.4271195,3004.663751,eui-3531313951377d03,1
NL-UTC-UTRECHTLR,200,2,desk,1050,NL-UTC-UTRECHTLROF_CDM_37_209385,M.2.08.H,0,@capgemini.com,2458.183433,3733.769269,eui-3731323070378c17,1
NL-UTC-UTRECHTLR,200,2,desk,1050,NL-UTC-UTRECHTLROF_CDM_37_209384,M.2.08.G,0,@capgemini.com,2465.120713,3841.414469,eui-3731323064376b19,1
NL-UTC-UTRECHTLR,200,2,desk,1050,NL-UTC-UTRECHTLROF_CDM_37_209383,M.2.08.F,0,@capgemini.com,2537.896953,3730.300629,eui-353131397c37890c,1
NL-UTC-UTRECHTLR,200,2,desk,1050,NL-UTC-UTRECHTLROF_CDM_37_209382,M.2.08.E,0,@capgemini.com,2535.823593,3841.779589,eui-373132305a378c17,1
NL-UTC-UTRECHTLR,200,2,desk,1050,NL-UTC-UTRECHTLROF_CDM_37_209381,M.2.08.D,0,@capgemini.com,2613.124712,3725.880069,eui-3731323069378517,1
NL-UTC-UTRECHTLR,200,2,desk,1050,NL-UTC-UTRECHTLROF_CDM_37_209380,M.2.08.C,0,@capgemini.com,2614.115752,3841.936069,eui-3531313964376a07,1
NL-UTC-UTRECHTLR,200,2,desk,1050,NL-UTC-UTRECHTLROF_CDM_37_209379,M.2.08.B,0,@capgemini.com,2681.349992,3729.348709,eui-353131394f376907,1
NL-UTC-UTRECHTLR,200,2,desk,1050,NL-UTC-UTRECHTLROF_CDM_37_209378,M.2.08.A,0,@capgemini.com,2680.085112,3847.412869,eui-3531313971377f17,1
NL-UTC-UTRECHTLR,200,2,desk,1050,NL-UTC-UTRECHTLROF_CDM_37_209377,M.2.07.i,0,@capgemini.com,2138.559994,3468.63999,eui-3731323077378017,1
NL-UTC-UTRECHTLR,200,2,desk,1050,NL-UTC-UTRECHTLROF_CDM_37_209376,M.2.07.H,0,@capgemini.com,2203.759994,3533.83999,eui-3731323068376519,1
NL-UTC-UTRECHTLR,200,2,desk,1050,NL-UTC-UTRECHTLROF_CDM_37_209375,M.2.07.G,0,@capgemini.com,2216.799994,3651.199989,eui-3731323064379317,1
NL-UTC-UTRECHTLR,200,3,desk,1050,NL-UTC-UTRECHTLROF_CDM_37_209624,N.3.08.B,0,@capgemini.com,2397.351833,2525.952313,eui-353131397b377a0b,1
NL-UTC-UTRECHTLR,200,2,desk,1050,NL-UTC-UTRECHTLROF_CDM_37_209373,M.2.07.E,0,@capgemini.com,2152.930074,3645.462389,eui-3731323054378417,1
NL-UTC-UTRECHTLR,200,2,desk,1050,NL-UTC-UTRECHTLROF_CDM_37_209372,M.2.07.D,0,@capgemini.com,2233.778073,3831.569269,eui-353131394f376a07,1
NL-UTC-UTRECHTLR,200,2,desk,1050,NL-UTC-UTRECHTLROF_CDM_37_209371,M.2.07.C,0,@capgemini.com,2224.715273,3708.575989,eui-3731323058378017,1
NL-UTC-UTRECHTLR,200,2,desk,1050,NL-UTC-UTRECHTLROF_CDM_37_209370,M.2.07.B,0,@capgemini.com,2162.683994,3714.730869,eui-3531313958377207,1
NL-UTC-UTRECHTLR,200,2,desk,1050,NL-UTC-UTRECHTLROF_CDM_37_209369,M.2.07.N,0,@capgemini.com,2199.561114,3186.180551,eui-313534305b377f18,1
NL-UTC-UTRECHTLR,200,2,desk,1050,NL-UTC-UTRECHTLROF_CDM_37_209368,M.2.07.M,0,@capgemini.com,2208.402234,3303.76223,eui-353131396f379008,1
NL-UTC-UTRECHTLR,200,2,desk,1050,NL-UTC-UTRECHTLROF_CDM_37_209367,M.2.07.L,0,@capgemini.com,2134.361114,3197.225431,eui-3531313972378f08,1
NL-UTC-UTRECHTLR,200,2,desk,1050,NL-UTC-UTRECHTLROF_CDM_37_209366,M.2.07.K,0,@capgemini.com,2136.564874,3303.54055,eui-3731323053376819,1
NL-UTC-UTRECHTLR,200,2,desk,1050,NL-UTC-UTRECHTLROF_CDM_37_209365,M.2.07.J,0,@capgemini.com,2138.559994,3351.27999,eui-3731323051378517,1
NL-UTC-UTRECHTLR,200,2,desk,1050,NL-UTC-UTRECHTLROF_CDM_37_209364,M.2.07.A,0,@capgemini.com,2167.469674,3830.669509,eui-373132305b376b17,1
NL-UTC-UTRECHTLR,200,2,desk,1050,NL-UTC-UTRECHTLROF_CDM_37_209363,M.2.03.i,0,@capgemini.com,1025.958509,3536.26543,eui-3731323077378117,1
NL-UTC-UTRECHTLR,200,2,desk,1050,NL-UTC-UTRECHTLROF_CDM_37_209362,M.2.03.H,0,@capgemini.com,1093.368789,3418.68375,eui-3731323060378f17,1
NL-UTC-UTRECHTLR,200,2,desk,1050,NL-UTC-UTRECHTLROF_CDM_37_209361,M.2.03.G,0,@capgemini.com,1095.359997,3533.83999,eui-3531313969379008,1
NL-UTC-UTRECHTLR,200,2,desk,1050,NL-UTC-UTRECHTLROF_CDM_37_209360,M.2.03.F,0,@capgemini.com,1099.548445,3593.837029,eui-3531313958376d07,1
NL-UTC-UTRECHTLR,200,2,desk,1050,NL-UTC-UTRECHTLROF_CDM_37_209359,M.2.03.E,0,@capgemini.com,1103.862077,3699.669669,eui-3731323057378817,1
NL-UTC-UTRECHTLR,200,3,desk,1050,NL-UTC-UTRECHTLROF_CDM_37_209580,N.3.05.D,0,@capgemini.com,1610.270475,2657.147752,eui-3731323056378618,1
NL-UTC-UTRECHTLR,200,2,desk,1050,NL-UTC-UTRECHTLROF_CDM_37_209357,M.2.03.C,0,@capgemini.com,1102.752373,3741.984469,eui-353131397a377102,1
NL-UTC-UTRECHTLR,200,2,desk,1050,NL-UTC-UTRECHTLROF_CDM_37_209356,M.2.03.B,0,@capgemini.com,1041.199661,3860.870149,eui-353131395b376907,1
NL-UTC-UTRECHTLR,200,2,desk,1050,NL-UTC-UTRECHTLROF_CDM_37_209355,M.2.03.N,0,@capgemini.com,1012.918509,3257.79623,eui-3531313955376907,1
NL-UTC-UTRECHTLR,200,2,desk,1050,NL-UTC-UTRECHTLROF_CDM_37_209354,M.2.03.M,0,@capgemini.com,1021.757021,3368.74055,eui-3731323072378317,1
NL-UTC-UTRECHTLR,200,2,desk,1050,NL-UTC-UTRECHTLROF_CDM_37_209353,M.2.03.L,0,@capgemini.com,1080.328789,3253.80599,eui-3731323063376218,1
NL-UTC-UTRECHTLR,200,2,desk,1050,NL-UTC-UTRECHTLROF_CDM_37_209352,M.2.03.K,0,@capgemini.com,1084.530277,3370.94431,eui-353131395d378717,1
NL-UTC-UTRECHTLR,200,2,desk,1050,NL-UTC-UTRECHTLROF_CDM_37_209351,M.2.03.J,0,@capgemini.com,1028.168789,3429.51999,eui-353131396b378c03,1
NL-UTC-UTRECHTLR,200,2,desk,1050,NL-UTC-UTRECHTLROF_CDM_37_209350,M.2.03.A,0,@capgemini.com,1100.542093,3854.037189,eui-3135343066377e18,1
NL-UTC-UTRECHTLR,200,2,desk,1050,NL-UTC-UTRECHTLROF_CDM_37_209349,M.2.02.H,0,@capgemini.com,809.6262136,3791.145269,eui-3731323062378017,1
NL-UTC-UTRECHTLR,200,2,desk,1050,NL-UTC-UTRECHTLROF_CDM_37_209348,M.2.02.G,0,@capgemini.com,810.6915816,3669.364709,eui-353131395a376707,1
NL-UTC-UTRECHTLR,200,2,desk,1050,NL-UTC-UTRECHTLROF_CDM_37_209347,M.2.02.F,0,@capgemini.com,728.4078779,3793.661989,eui-353131396f376407,1
NL-UTC-UTRECHTLR,200,3,desk,1050,NL-UTC-UTRECHTLROF_CDM_37_209554,N.3.03.A,0,@capgemini.com,847.5308855,2573.535272,eui-3731323056376819,1
NL-UTC-UTRECHTLR,200,2,desk,1050,NL-UTC-UTRECHTLROF_CDM_37_209345,M.2.02.D,0,@capgemini.com,656.4192541,3787.885269,eui-3731323083377c18,1
NL-UTC-UTRECHTLR,200,2,desk,1050,NL-UTC-UTRECHTLROF_CDM_37_209344,M.2.02.C,0,@capgemini.com,653.6326061,3676.510629,eui-3531313975378903,1
NL-UTC-UTRECHTLR,200,2,desk,1050,NL-UTC-UTRECHTLROF_CDM_37_209343,M.2.02.B,0,@capgemini.com,579.9240063,3790.662789,eui-353131397b376c07,1
NL-UTC-UTRECHTLR,200,3,desk,1050,NL-UTC-UTRECHTLROF_CDM_37_209546,N.3.01.A,0,@capgemini.com,272.5216552,3003.138071,eui-3433333072376414,1
NL-UTC-UTRECHTLR,200,3,desk,1050,NL-UTC-UTRECHTLROF_CDM_37_209522,M.3.03.A,0,@capgemini.com,1112.489341,3847.021669,eui-373132305a376819,1
NL-UTC-UTRECHTLR,200,2,room_conference,4,NL-UTC-UTRECHTLROF_CDM_10_208260,Z.2.11.6,,,3638.159989,4485.759987,eui-3334373951377009,1
NL-UTC-UTRECHTLR,200,2,room_conference,4,NL-UTC-UTRECHTLROF_CDM_10_208253,Z.2.09.6,12,@capgemini.com,2839.316552,4496.674467,eui-3334373970377309,1
NL-UTC-UTRECHTLR,200,2,room_conference,4,NL-UTC-UTRECHTLROF_CDM_10_208207,Z.2.05.3,6,cr.nl.utrz.2.05.3@capgemini.com,1556.167515,4021.535988,eui-3334373965376009,1
NL-UTC-UTRECHTLR,200,2,room_conference,4,NL-UTC-UTRECHTLROF_CDM_10_208170,Z.2.03.4,6,cr.nl.utrz.2.03.4@capgemini.com,1148.209813,4032.007108,eui-3334373974377a09,1
NL-UTC-UTRECHTLR,200,2,room_conference,4,NL-UTC-UTRECHTLROF_CDM_10_208161,Z.2.01.5,,,275.1661672,4337.377827,eui-333437396b376009,1
NL-UTC-UTRECHTLR,200,2,room_conference,4,NL-UTC-UTRECHTLROF_CDM_10_208113,N.2.03.6,3,,1149.854157,3021.015911,eui-333437395a376b09,1
NL-UTC-UTRECHTLR,200,2,room_conference,4,NL-UTC-UTRECHTLROF_CDM_7_208261,Z.2.12.6,4,,3911.999989,4485.759987,eui-343233386e376c10,2
NL-UTC-UTRECHTLR,200,2,room_conference,4,NL-UTC-UTRECHTLROF_CDM_7_208261,Z.2.12.6,4,,3911.999989,4485.759987,eui-333437395d376b09,2
NL-UTC-UTRECHTLR,200,2,room_conference,4,NL-UTC-UTRECHTLROF_CDM_7_208255,Z.2.10.4,6,@capgemini.com,3320.88375,3997.438068,eui-343233386e376610,3
NL-UTC-UTRECHTLR,200,2,room_conference,4,NL-UTC-UTRECHTLROF_CDM_7_208255,Z.2.10.4,6,@capgemini.com,3320.88375,3997.438068,eui-323831396936910a,3
NL-UTC-UTRECHTLR,200,2,room_conference,4,NL-UTC-UTRECHTLROF_CDM_7_208255,Z.2.10.4,6,@capgemini.com,3320.88375,3997.438068,eui-323831396636670a,3
NL-UTC-UTRECHTLR,200,1,Comfort,1200,UTRECHTLR_Floor 1_CFS_7,Z1.03,,,844.9309484,4548.123308,eui-3135343067379311,1
NL-UTC-UTRECHTLR,200,1,Comfort,1200,UTRECHTLR_Floor 1_CFS_6,N.1.05,,,1593.840598,3012.17356,eui-3135343056377111,1
NL-UTC-UTRECHTLR,200,1,Comfort,1200,UTRECHTLR_Floor 1_CFS_5,N.1.21,,,6614.731264,2523.626176,eui-313534306d376711,1
NL-UTC-UTRECHTLR,200,1,Comfort,1200,UTRECHTLR_Floor 1_CFS_4,N.1.16,,,5129.700258,2293.376503,eui-3135343060376e11,1
NL-UTC-UTRECHTLR,200,1,Comfort,1200,UTRECHTLR_Floor 1_CFS_3,N.1.12,,,3768.431829,2268.623739,eui-3135343059376711,1
NL-UTC-UTRECHTLR,200,1,Comfort,1200,UTRECHTLR_Floor 1_CFS_1,N.1.01,,,430.2239344,2751.800182,eui-3135343074379011,1
NL-UTC-UTRECHTLR,200,1,HiddenRoom,1150,NL UTR N.1.15.removed_sensors,Unlink sensors,,,4657,2737,eui-333437396d376409,13
NL-UTC-UTRECHTLR,200,1,HiddenRoom,1150,NL UTR N.1.15.removed_sensors,Unlink sensors,,,4657,2737,eui-333437395c376109,13
NL-UTC-UTRECHTLR,200,1,HiddenRoom,1150,NL UTR N.1.15.removed_sensors,Unlink sensors,,,4657,2737,eui-0080e1030005534e,13
NL-UTC-UTRECHTLR,200,1,HiddenRoom,1150,NL UTR N.1.15.removed_sensors,Unlink sensors,,,4657,2737,eui-353131395c378a16,13
NL-UTC-UTRECHTLR,200,1,HiddenRoom,1150,NL UTR N.1.15.removed_sensors,Unlink sensors,,,4657,2737,eui-3334373969375e09,13
NL-UTC-UTRECHTLR,200,1,HiddenRoom,1150,NL UTR N.1.15.removed_sensors,Unlink sensors,,,4657,2737,eui-333437395c376f09,13
NL-UTC-UTRECHTLR,200,1,HiddenRoom,1150,NL UTR N.1.15.removed_sensors,Unlink sensors,,,4657,2737,eui-3334373964378f08,13
NL-UTC-UTRECHTLR,200,1,HiddenRoom,1150,NL UTR N.1.15.removed_sensors,Unlink sensors,,,4657,2737,eui-3334373953378c08,13
NL-UTC-UTRECHTLR,200,1,HiddenRoom,1150,NL UTR N.1.15.removed_sensors,Unlink sensors,,,4657,2737,eui-363536306e397e17,13
NL-UTC-UTRECHTLR,200,1,HiddenRoom,1150,NL UTR N.1.15.removed_sensors,Unlink sensors,,,4657,2737,eui-3334373968376209,13
NL-UTC-UTRECHTLR,200,1,HiddenRoom,1150,NL UTR N.1.15.removed_sensors,Unlink sensors,,,4657,2737,eui-3334373956376f09,13
NL-UTC-UTRECHTLR,200,1,HiddenRoom,1150,NL UTR N.1.15.removed_sensors,Unlink sensors,,,4657,2737,eui-3334373959376f09,13
NL-UTC-UTRECHTLR,200,1,HiddenRoom,1150,NL UTR N.1.15.removed_sensors,Unlink sensors,,,4657,2737,eui-313534304f37720d,13
NL-UTC-UTRECHTLR,200,1,room_conference,4,NL-UTC-UTRECHTLROF_CDM_7_285488,N.1.21.5,6,@capgemini.com,,,eui-3334373971376009,2
NL-UTC-UTRECHTLR,200,1,room_conference,4,NL-UTC-UTRECHTLROF_CDM_7_285488,N.1.21.5,6,@capgemini.com,,,eui-3432333878376b10,2
NL-UTC-UTRECHTLR,200,1,room_conference,4,NL-UTC-UTRECHTLROF_CDM_7_285486,N.1.17.5,8,crnlutrn.1.17.5@capgemini.com,,,eui-343233386b378510,1
NL-UTC-UTRECHTLR,200,1,room_conference,4,NL-UTC-UTRECHTLROF_CDM_5_285480,N.1.16.5,,,,,eui-3334373964377109,1
NL-UTC-UTRECHTLR,200,1,room_bubble,3,NL-UTC-UTRECHTLROF_CDM_5_285479,Z.1.04.4,,,,,eui-3432333856377e11,1
NL-UTC-UTRECHTLR,200,1,room_bubble,3,NL-UTC-UTRECHTLROF_CDM_5_285478,Z.1.04.8,,,,,eui-333437395e379008,1
NL-UTC-UTRECHTLR,200,1,room_bubble,3,NL-UTC-UTRECHTLROF_CDM_5_285477,Z.1.04.6,,,,,eui-333437397b377009,1
NL-UTC-UTRECHTLR,200,1,room_bubble,3,NL-UTC-UTRECHTLROF_CDM_5_285476,N.1.19.7,,,,,eui-3334373960376009,1
NL-UTC-UTRECHTLR,200,1,room_bubble,3,NL-UTC-UTRECHTLROF_CDM_5_285475,N.1.19.5,,,,,eui-3432333878377d10,1
NL-UTC-UTRECHTLR,200,1,room_bubble,3,NL-UTC-UTRECHTLROF_CDM_5_285474,N.1.18.7,,,,,eui-3334373979378708,1
NL-UTC-UTRECHTLR,200,1,room_bubble,3,NL-UTC-UTRECHTLROF_CDM_5_285473,N.1.18.5,,,,,eui-333437395e377309,1
NL-UTC-UTRECHTLR,200,1,desk,1050,NL-UTC-UTRECHTLROF_CDM_38_285472,N.1.14.G,,,,,eui-3531313965378503,1
NL-UTC-UTRECHTLR,200,1,desk,1050,NL-UTC-UTRECHTLROF_CDM_38_285471,N.1.15.L,,,,,eui-373132307b376519,1
NL-UTC-UTRECHTLR,200,1,desk,1050,NL-UTC-UTRECHTLROF_CDM_38_285470,N.1.15.K,,,,,eui-3531313952377e03,1
NL-UTC-UTRECHTLR,200,1,desk,1050,NL-UTC-UTRECHTLROF_CDM_38_285469,N.1.15.J,,,,,eui-3731323067376619,1
NL-UTC-UTRECHTLR,200,1,desk,1050,NL-UTC-UTRECHTLROF_CDM_38_285468,N.1.15.i,,,,,eui-3731323067376519,1
NL-UTC-UTRECHTLR,200,1,desk,1050,NL-UTC-UTRECHTLROF_CDM_38_285467,N.1.15.H,,,,,eui-353131397d377402,1
NL-UTC-UTRECHTLR,200,1,desk,1050,NL-UTC-UTRECHTLROF_CDM_38_285466,N.1.15.G,,,,,eui-3731323064376519,1
NL-UTC-UTRECHTLR,200,1,desk,1050,NL-UTC-UTRECHTLROF_CDM_38_285465,N.1.14.J,,,,,eui-353131396a377e03,1
NL-UTC-UTRECHTLR,200,1,desk,1050,NL-UTC-UTRECHTLROF_CDM_38_285464,N.1.14.i,,,,,eui-373132305d376719,1
NL-UTC-UTRECHTLR,200,1,desk,1050,NL-UTC-UTRECHTLROF_CDM_38_285463,N.1.14.H,,,,,eui-353131394e378303,1
NL-UTC-UTRECHTLR,200,1,desk,1050,NL-UTC-UTRECHTLROF_CDM_38_285462,N.1.14.F,,,,,eui-3731323060376219,1
NL-UTC-UTRECHTLR,200,1,desk,1050,NL-UTC-UTRECHTLROF_CDM_38_285461,N.1.14.E,,,,,eui-353131396b377c03,1
NL-UTC-UTRECHTLR,200,1,desk,1050,NL-UTC-UTRECHTLROF_CDM_38_285460,N.1.18.J,0,@capgemini.com,,,eui-3531313955376c17,1
NL-UTC-UTRECHTLR,200,1,desk,1050,NL-UTC-UTRECHTLROF_CDM_38_285459,N.1.18.i,0,@capgemini.com,,,eui-3531313970376516,1
NL-UTC-UTRECHTLR,200,1,desk,1050,NL-UTC-UTRECHTLROF_CDM_38_285458,N.1.18.H,0,@capgemini.com,,,eui-353131396c378317,1
NL-UTC-UTRECHTLR,200,1,desk,1050,NL-UTC-UTRECHTLROF_CDM_38_285457,N.1.18.G,0,@capgemini.com,,,eui-3531313968376116,1
NL-UTC-UTRECHTLR,200,1,desk,1050,NL-UTC-UTRECHTLROF_CDM_38_285456,N.1.23.F,0,@capgemini.com,,,eui-353131395e376016,1
NL-UTC-UTRECHTLR,200,1,desk,1050,NL-UTC-UTRECHTLROF_CDM_38_285455,N.1.23.E,0,@capgemini.com,,,eui-3731323076376519,1
NL-UTC-UTRECHTLR,200,1,desk,1050,NL-UTC-UTRECHTLROF_CDM_38_285454,N.1.23.D,0,@capgemini.com,,,eui-373132306f376519,1
NL-UTC-UTRECHTLR,200,1,desk,1050,NL-UTC-UTRECHTLROF_CDM_38_285453,N.1.23.C,0,@capgemini.com,,,eui-353131395d376917,1
NL-UTC-UTRECHTLR,200,1,desk,1050,NL-UTC-UTRECHTLROF_CDM_38_285452,N.1.23.B,0,@capgemini.com,,,eui-3531313967376116,1
NL-UTC-UTRECHTLR,200,1,desk,1050,NL-UTC-UTRECHTLROF_CDM_38_285451,N.1.23.A,0,@capgemini.com,,,eui-3731323070377c18,1
NL-UTC-UTRECHTLR,200,1,desk,1050,NL-UTC-UTRECHTLROF_CDM_38_285450,N.1.22.F,0,@capgemini.com,,,eui-3531313969376116,1
NL-UTC-UTRECHTLR,200,1,desk,1050,NL-UTC-UTRECHTLROF_CDM_38_285449,N.1.22.E,0,@capgemini.com,,,eui-3731323077376619,1
NL-UTC-UTRECHTLR,200,1,desk,1050,NL-UTC-UTRECHTLROF_CDM_38_285448,N.1.22.D,0,@capgemini.com,,,eui-353131395e37640b,1
NL-UTC-UTRECHTLR,200,2,desk,1050,NL-UTC-UTRECHTLROF_CDM_37_209482,Z.2.06.F,0,@capgemini.com,1829.603275,4407.767747,eui-353131394a377507,1
NL-UTC-UTRECHTLR,200,1,desk,1050,NL-UTC-UTRECHTLROF_CDM_38_285446,N.1.22.B,0,@capgemini.com,,,eui-3531313961377517,1
NL-UTC-UTRECHTLR,200,1,desk,1050,NL-UTC-UTRECHTLROF_CDM_38_285445,N.1.22.A,0,@capgemini.com,,,eui-3731323066376819,1
NL-UTC-UTRECHTLR,200,1,desk,1050,NL-UTC-UTRECHTLROF_CDM_38_285276,M.1.02.E,0,@capgemini.com,,,eui-3531313956378803,1
NL-UTC-UTRECHTLR,200,2,desk,1050,NL-UTC-UTRECHTLROF_CDM_37_209454,Z.2.04.Q,0,@capgemini.com,1310.024476,4010.817108,eui-353131395c376707,1
NL-UTC-UTRECHTLR,200,1,desk,1050,NL-UTC-UTRECHTLROF_CDM_37_285444,N.1.14.D,,,,,eui-3531313972378402,1
NL-UTC-UTRECHTLR,200,1,desk,1050,NL-UTC-UTRECHTLROF_CDM_37_285443,N.1.14.C,,,,,eui-353131397f377f03,1
NL-UTC-UTRECHTLR,200,1,desk,1050,NL-UTC-UTRECHTLROF_CDM_37_285442,N.1.14.B,,,,,eui-333838397a376509,1
NL-UTC-UTRECHTLR,200,1,desk,1050,NL-UTC-UTRECHTLROF_CDM_37_285441,N.1.14.A,,,,,eui-3531313961375f02,1
NL-UTC-UTRECHTLR,200,1,desk,1050,NL-UTC-UTRECHTLROF_CDM_37_285440,N.1.15.F,,,,,eui-3531313960377f03,1
NL-UTC-UTRECHTLR,200,1,desk,1050,NL-UTC-UTRECHTLROF_CDM_37_285439,N.1.15.E,,,,,eui-3531313969377e03,1
NL-UTC-UTRECHTLR,200,1,desk,1050,NL-UTC-UTRECHTLROF_CDM_37_285438,N.1.15.D,,,,,eui-3531313954378003,1
NL-UTC-UTRECHTLR,200,1,desk,1050,NL-UTC-UTRECHTLROF_CDM_37_285437,N.1.15.C,,,,,eui-353131396b377102,1
NL-UTC-UTRECHTLR,200,1,desk,1050,NL-UTC-UTRECHTLROF_CDM_37_285436,N.1.15.B,,,,,eui-3531313969377502,1
NL-UTC-UTRECHTLR,200,1,desk,1050,NL-UTC-UTRECHTLROF_CDM_37_285435,N.1.15.A,,,,,eui-353131394d377d03,1
NL-UTC-UTRECHTLR,200,1,desk,1050,NL-UTC-UTRECHTLROF_CDM_37_285434,N.1.19.L,,,,,eui-3531313981377517,1
NL-UTC-UTRECHTLR,200,1,desk,1050,NL-UTC-UTRECHTLROF_CDM_37_285433,N.1.19.K,,,,,eui-3731323077376519,1
NL-UTC-UTRECHTLR,200,1,desk,1050,NL-UTC-UTRECHTLROF_CDM_37_285432,N.1.19.J,,,,,eui-3731323056376419,1
NL-UTC-UTRECHTLR,200,1,desk,1050,NL-UTC-UTRECHTLROF_CDM_37_285431,N.1.19.i,,,,,eui-3531313964377b17,1
NL-UTC-UTRECHTLR,200,1,desk,1050,NL-UTC-UTRECHTLROF_CDM_37_285430,Z.1.04.C,,,,,eui-353131396137870c,1
NL-UTC-UTRECHTLR,200,1,desk,1050,NL-UTC-UTRECHTLROF_CDM_37_285429,Z.1.04.B,,,,,eui-353131396c37900c,1
NL-UTC-UTRECHTLR,200,1,desk,1050,NL-UTC-UTRECHTLROF_CDM_37_285428,Z.1.06.D,0,@capgemini.com,,,eui-3531313968377e03,1
NL-UTC-UTRECHTLR,200,1,desk,1050,NL-UTC-UTRECHTLROF_CDM_37_285427,Z.1.06.C,0,@capgemini.com,,,eui-3531313975378003,1
NL-UTC-UTRECHTLR,200,1,desk,1050,NL-UTC-UTRECHTLROF_CDM_37_285426,Z.1.06.B,0,@capgemini.com,,,eui-3531313971378303,1
NL-UTC-UTRECHTLR,200,1,desk,1050,NL-UTC-UTRECHTLROF_CDM_37_285425,Z.1.06.A,0,@capgemini.com,,,eui-353131395d378517,1
NL-UTC-UTRECHTLR,200,1,desk,1050,NL-UTC-UTRECHTLROF_CDM_37_285424,Z.1.05.i,0,@capgemini.com,,,eui-353131397b377e03,1
NL-UTC-UTRECHTLR,200,1,desk,1050,NL-UTC-UTRECHTLROF_CDM_37_285423,Z.1.05.H,0,@capgemini.com,,,eui-3531313950378003,1
NL-UTC-UTRECHTLR,200,1,desk,1050,NL-UTC-UTRECHTLROF_CDM_37_285422,Z.1.05.G,0,@capgemini.com,,,eui-3731323068379418,1
NL-UTC-UTRECHTLR,200,1,desk,1050,NL-UTC-UTRECHTLROF_CDM_37_285421,Z.1.05.F,0,@capgemini.com,,,eui-353131397e377e03,1
NL-UTC-UTRECHTLR,200,1,desk,1050,NL-UTC-UTRECHTLROF_CDM_37_285420,Z.1.05.E,0,@capgemini.com,,,eui-353131397c378903,1
NL-UTC-UTRECHTLR,200,1,desk,1050,NL-UTC-UTRECHTLROF_CDM_37_285419,Z.1.05.D,0,@capgemini.com,,,eui-353131395f37870c,1
NL-UTC-UTRECHTLR,200,2,desk,1050,NL-UTC-UTRECHTLROF_CDM_37_209390,N.2.01.E,0,@capgemini.com,339.039999,2986.159991,eui-3531313980377102,1
NL-UTC-UTRECHTLR,200,1,desk,1050,NL-UTC-UTRECHTLROF_CDM_37_285417,Z.1.05.B,0,@capgemini.com,,,eui-353131395a377f03,1
NL-UTC-UTRECHTLR,200,1,desk,1050,NL-UTC-UTRECHTLROF_CDM_37_285416,Z.1.05.R,0,@capgemini.com,,,eui-353131396e378003,1
NL-UTC-UTRECHTLR,200,1,desk,1050,NL-UTC-UTRECHTLROF_CDM_37_285415,Z.1.05.Q,0,@capgemini.com,,,eui-353131395c377f0c,1
NL-UTC-UTRECHTLR,200,1,desk,1050,NL-UTC-UTRECHTLROF_CDM_37_285414,Z.1.05.P,0,@capgemini.com,,,eui-373132306a376519,1
NL-UTC-UTRECHTLR,200,1,desk,1050,NL-UTC-UTRECHTLROF_CDM_37_285413,Z.1.05.O,0,@capgemini.com,,,eui-3531313958378b03,1
NL-UTC-UTRECHTLR,200,1,desk,1050,NL-UTC-UTRECHTLROF_CDM_37_285412,Z.1.05.N,0,@capgemini.com,,,eui-3531313956377f03,1
NL-UTC-UTRECHTLR,200,1,desk,1050,NL-UTC-UTRECHTLROF_CDM_37_285411,Z.1.05.M,0,@capgemini.com,,,eui-353131395c37900c,1
NL-UTC-UTRECHTLR,200,2,desk,1050,NL-UTC-UTRECHTLROF_CDM_37_209374,M.2.07.F,0,@capgemini.com,2154.221034,3540.07311,eui-3531313966377507,1
NL-UTC-UTRECHTLR,200,1,desk,1050,NL-UTC-UTRECHTLROF_CDM_37_285409,Z.1.05.K,0,@capgemini.com,,,eui-3531313973378f0c,1
NL-UTC-UTRECHTLR,200,1,desk,1050,NL-UTC-UTRECHTLROF_CDM_37_285408,Z.1.05.J,0,@capgemini.com,,,eui-3531313977377a0c,1
NL-UTC-UTRECHTLR,200,1,desk,1050,NL-UTC-UTRECHTLROF_CDM_37_285407,Z.1.05.A,0,@capgemini.com,,,eui-353131395737880c,1
NL-UTC-UTRECHTLR,200,1,desk,1050,NL-UTC-UTRECHTLROF_CDM_37_285405,Z.1.04.H,0,@capgemini.com,,,eui-3531313974378303,1
NL-UTC-UTRECHTLR,200,1,desk,1050,NL-UTC-UTRECHTLROF_CDM_37_285404,Z.1.04.G,0,@capgemini.com,,,eui-3531313968377f03,1
NL-UTC-UTRECHTLR,200,1,desk,1050,NL-UTC-UTRECHTLROF_CDM_37_285403,Z.1.04.F,0,@capgemini.com,,,eui-353131397037900c,1
NL-UTC-UTRECHTLR,200,1,desk,1050,NL-UTC-UTRECHTLROF_CDM_37_285402,Z.1.04.E,0,@capgemini.com,,,eui-3531313950377e03,1
NL-UTC-UTRECHTLR,200,2,desk,1050,NL-UTC-UTRECHTLROF_CDM_37_209358,M.2.03.D,0,@capgemini.com,1038.836813,3744.370789,eui-3135343065376d15,1
NL-UTC-UTRECHTLR,200,1,desk,1050,NL-UTC-UTRECHTLROF_CDM_37_285400,Z.1.04.P,0,@capgemini.com,,,eui-353131397c377002,1
NL-UTC-UTRECHTLR,200,1,desk,1050,NL-UTC-UTRECHTLROF_CDM_37_285399,Z.1.04.O,0,@capgemini.com,,,eui-353131397b378803,1
NL-UTC-UTRECHTLR,200,1,desk,1050,NL-UTC-UTRECHTLROF_CDM_37_285398,Z.1.04.N,0,@capgemini.com,,,eui-3531313973377f17,1
NL-UTC-UTRECHTLR,200,1,desk,1050,NL-UTC-UTRECHTLROF_CDM_37_285397,Z.1.04.M,0,@capgemini.com,,,eui-3531313969378903,1
NL-UTC-UTRECHTLR,200,1,desk,1050,NL-UTC-UTRECHTLROF_CDM_37_285396,Z.1.04.L,0,@capgemini.com,,,eui-353131395437880c,1
NL-UTC-UTRECHTLR,200,2,desk,1050,NL-UTC-UTRECHTLROF_CDM_37_209346,M.2.02.E,0,@capgemini.com,735.1612938,3675.936869,eui-3531313957378517,1
NL-UTC-UTRECHTLR,200,1,desk,1050,NL-UTC-UTRECHTLROF_CDM_37_285393,Z.1.04.A,0,@capgemini.com,,,eui-3531313950378b03,1
NL-UTC-UTRECHTLR,200,2,desk,1050,NL-UTC-UTRECHTLROF_CDM_37_209342,M.2.02.A,0,@capgemini.com,580.0817903,3676.380229,eui-3531313950377f17,1
NL-UTC-UTRECHTLR,200,1,desk,1050,NL-UTC-UTRECHTLROF_CDM_37_285391,Z.1.03.E,0,@capgemini.com,,,eui-3531313977377f03,1
NL-UTC-UTRECHTLR,200,1,desk,1050,NL-UTC-UTRECHTLROF_CDM_37_285390,Z.1.03.D,0,@capgemini.com,,,eui-3531313959378303,1
NL-UTC-UTRECHTLR,200,1,desk,1050,NL-UTC-UTRECHTLROF_CDM_37_285389,Z.1.03.C,0,@capgemini.com,,,eui-3531313951378b03,1
NL-UTC-UTRECHTLR,200,1,desk,1050,NL-UTC-UTRECHTLROF_CDM_37_285388,Z.1.03.B,0,@capgemini.com,,,eui-353131396837900c,1
NL-UTC-UTRECHTLR,200,1,desk,1050,NL-UTC-UTRECHTLROF_CDM_37_285387,Z.1.03.A,0,@capgemini.com,,,eui-353131397d378103,1
NL-UTC-UTRECHTLR,200,1,room_conference,4,NL-UTC-UTRECHTLROF_CDM_10_285229,N.1.04.4,3,,,,eui-3334373961377109,1
NL-UTC-UTRECHTLR,200,1,desk,1050,NL-UTC-UTRECHTLROF_CDM_37_285385,Z.1.01.H,0,@capgemini.com,,,eui-353131394c377d03,1
NL-UTC-UTRECHTLR,200,1,desk,1050,NL-UTC-UTRECHTLROF_CDM_37_285383,Z.1.01.F,0,@capgemini.com,,,eui-353131395b378703,1
NL-UTC-UTRECHTLR,200,1,desk,1050,NL-UTC-UTRECHTLROF_CDM_37_285382,Z.1.01.E,0,@capgemini.com,,,eui-3531313961378803,1
NL-UTC-UTRECHTLR,200,1,desk,1050,NL-UTC-UTRECHTLROF_CDM_37_285381,Z.1.01.D,0,@capgemini.com,,,eui-3531313981377102,1
NL-UTC-UTRECHTLR,200,1,room_conference,4,NL-UTC-UTRECHTLROF_CDM_16_285485,N.1.08.3,12,cr.nl.utc-n1083-trio-12p@capgemini.com,,,eui-3334373954377109,2
NL-UTC-UTRECHTLR,200,1,room_conference,4,NL-UTC-UTRECHTLROF_CDM_16_285485,N.1.08.3,12,cr.nl.utc-n1083-trio-12p@capgemini.com,,,eui-3334373963375d09,2
NL-UTC-UTRECHTLR,200,1,desk,1050,NL-UTC-UTRECHTLROF_CDM_37_285379,Z.1.01.B,0,@capgemini.com,,,eui-3531313954378b03,1
NL-UTC-UTRECHTLR,200,1,desk,1050,NL-UTC-UTRECHTLROF_CDM_37_285378,Z.1.01.N,0,@capgemini.com,,,eui-353131397b377b0c,1
NL-UTC-UTRECHTLR,200,1,desk,1050,NL-UTC-UTRECHTLROF_CDM_37_285377,Z.1.01.M,0,@capgemini.com,,,eui-3338383974376409,1
NL-UTC-UTRECHTLR,200,1,room_conference,4,NL-UTC-UTRECHTLROF_CDM_16_285484,N.1.03.4,12,cr.nl.utc-n1034-trio-12p@capgemini.com,,,eui-333437394b377009,2
NL-UTC-UTRECHTLR,200,1,room_conference,4,NL-UTC-UTRECHTLROF_CDM_16_285484,N.1.03.4,12,cr.nl.utc-n1034-trio-12p@capgemini.com,,,eui-3334373954377009,2
NL-UTC-UTRECHTLR,200,1,desk,1050,NL-UTC-UTRECHTLROF_CDM_37_285375,Z.1.01.K,0,@capgemini.com,,,eui-3531313955378503,1
NL-UTC-UTRECHTLR,200,1,desk,1050,NL-UTC-UTRECHTLROF_CDM_37_285374,Z.1.01.J,0,@capgemini.com,,,eui-353131397b377102,1
NL-UTC-UTRECHTLR,200,1,desk,1050,NL-UTC-UTRECHTLROF_CDM_37_285373,Z.1.01.A,0,@capgemini.com,,,eui-3531313953378803,1
NL-UTC-UTRECHTLR,200,1,desk,1050,NL-UTC-UTRECHTLROF_CDM_37_285372,N.1.21.F,0,@capgemini.com,,,eui-3531313967376817,1
NL-UTC-UTRECHTLR,200,1,desk,1050,NL-UTC-UTRECHTLROF_CDM_37_285371,N.1.21.E,0,@capgemini.com,,,eui-3531313967378803,1
NL-UTC-UTRECHTLR,200,1,desk,1050,NL-UTC-UTRECHTLROF_CDM_37_285370,N.1.21.D,0,@capgemini.com,,,eui-3731323079376519,1
NL-UTC-UTRECHTLR,200,1,desk,1050,NL-UTC-UTRECHTLROF_CDM_37_285369,N.1.21.C,0,@capgemini.com,,,eui-353131396e376b17,1
NL-UTC-UTRECHTLR,200,1,desk,1050,NL-UTC-UTRECHTLROF_CDM_37_285368,N.1.21.B,0,@capgemini.com,,,eui-353131397337900c,1
NL-UTC-UTRECHTLR,200,1,desk,1050,NL-UTC-UTRECHTLROF_CDM_37_285367,N.1.21.A,0,@capgemini.com,,,eui-353131396a37640b,1
NL-UTC-UTRECHTLR,200,1,desk,1050,NL-UTC-UTRECHTLROF_CDM_37_285366,N.1.19.H,0,@capgemini.com,,,eui-3531313967376516,1
NL-UTC-UTRECHTLR,200,1,desk,1050,NL-UTC-UTRECHTLROF_CDM_37_285365,N.1.19.G,0,@capgemini.com,,,eui-353131395d378603,1
NL-UTC-UTRECHTLR,200,1,desk,1050,NL-UTC-UTRECHTLROF_CDM_37_285364,N.1.19.F,0,@capgemini.com,,,eui-373132306b376419,1
NL-UTC-UTRECHTLR,200,1,desk,1050,NL-UTC-UTRECHTLROF_CDM_37_285363,N.1.19.E,0,@capgemini.com,,,eui-3531313964375f02,1
NL-UTC-UTRECHTLR,200,1,desk,1050,NL-UTC-UTRECHTLROF_CDM_37_285362,N.1.19.D,0,@capgemini.com,,,eui-373132306f376919,1
NL-UTC-UTRECHTLR,200,1,desk,1050,NL-UTC-UTRECHTLROF_CDM_37_285361,N.1.19.C,0,@capgemini.com,,,eui-3531313953376516,1
NL-UTC-UTRECHTLR,200,1,desk,1050,NL-UTC-UTRECHTLROF_CDM_37_285360,N.1.19.B,0,@capgemini.com,,,eui-3531313963376c17,1
NL-UTC-UTRECHTLR,200,1,desk,1050,NL-UTC-UTRECHTLROF_CDM_37_285359,N.1.19.A,0,@capgemini.com,,,eui-353131396a378017,1
NL-UTC-UTRECHTLR,200,1,desk,1050,NL-UTC-UTRECHTLROF_CDM_37_285358,N.1.18.F,0,@capgemini.com,,,eui-3731323078376619,1
NL-UTC-UTRECHTLR,200,1,desk,1050,NL-UTC-UTRECHTLROF_CDM_37_285357,N.1.18.E,0,@capgemini.com,,,eui-353131395a37870c,1
NL-UTC-UTRECHTLR,200,1,desk,1050,NL-UTC-UTRECHTLROF_CDM_37_285356,N.1.18.D,0,@capgemini.com,,,eui-3531313950378017,1
NL-UTC-UTRECHTLR,200,1,desk,1050,NL-UTC-UTRECHTLROF_CDM_37_285355,N.1.18.C,0,@capgemini.com,,,eui-3731323065376619,1
NL-UTC-UTRECHTLR,200,1,desk,1050,NL-UTC-UTRECHTLROF_CDM_37_285354,N.1.18.B,0,@capgemini.com,,,eui-353131395a37660b,1
NL-UTC-UTRECHTLR,200,1,desk,1050,NL-UTC-UTRECHTLROF_CDM_37_285353,N.1.18.A,0,@capgemini.com,,,eui-3531313950377b17,1
NL-UTC-UTRECHTLR,200,1,desk,1050,NL-UTC-UTRECHTLROF_CDM_38_285447,N.1.22.C,0,@capgemini.com,,,eui-3531313962375f0b,1
NL-UTC-UTRECHTLR,200,1,desk,1050,NL-UTC-UTRECHTLROF_CDM_37_285351,N.1.17.E,0,@capgemini.com,,,eui-3731323074376319,1
NL-UTC-UTRECHTLR,200,1,desk,1050,NL-UTC-UTRECHTLROF_CDM_37_285350,N.1.17.D,0,@capgemini.com,,,eui-3531313967376a17,1
NL-UTC-UTRECHTLR,200,1,desk,1050,NL-UTC-UTRECHTLROF_CDM_37_285349,N.1.17.C,0,@capgemini.com,,,eui-3731323075376619,1
NL-UTC-UTRECHTLR,200,1,desk,1050,NL-UTC-UTRECHTLROF_CDM_38_285272,M.1.02.A,0,@capgemini.com,,,eui-3531313958376002,1
NL-UTC-UTRECHTLR,200,1,desk,1050,NL-UTC-UTRECHTLROF_CDM_37_285347,N.1.17.A,0,@capgemini.com,,,eui-3531313968376e17,1
NL-UTC-UTRECHTLR,200,1,desk,1050,NL-UTC-UTRECHTLROF_CDM_37_285346,N.1.06.F,0,@capgemini.com,,,eui-353131395b378003,1
NL-UTC-UTRECHTLR,200,1,desk,1050,NL-UTC-UTRECHTLROF_CDM_37_285345,N.1.06.E,0,@capgemini.com,,,eui-3531313950378503,1
NL-UTC-UTRECHTLR,200,1,room_conference,4,NL-UTC-UTRECHTLROF_CDM_10_285236,Z.1.05.3,3,cr.nl.utrz.1.05.3@capgemini.com,,,eui-333437396b379308,1
NL-UTC-UTRECHTLR,200,1,desk,1050,NL-UTC-UTRECHTLROF_CDM_37_285343,N.1.06.C,0,@capgemini.com,,,eui-353131396b376002,1
NL-UTC-UTRECHTLR,200,1,desk,1050,NL-UTC-UTRECHTLROF_CDM_37_285342,N.1.06.B,0,@capgemini.com,,,eui-373132306d376219,1
NL-UTC-UTRECHTLR,200,1,desk,1050,NL-UTC-UTRECHTLROF_CDM_37_285341,N.1.06.A,0,@capgemini.com,,,eui-353131396b378103,1
NL-UTC-UTRECHTLR,200,1,room_conference,4,NL-UTC-UTRECHTLROF_CDM_10_285235,Z.1.03.4,2,,,,eui-333437395e377009,1
NL-UTC-UTRECHTLR,200,1,desk,1050,NL-UTC-UTRECHTLROF_CDM_37_285339,N.1.05.H,0,@capgemini.com,,,eui-353131395c378303,1
NL-UTC-UTRECHTLR,200,1,desk,1050,NL-UTC-UTRECHTLROF_CDM_37_285338,N.1.05.G,0,@capgemini.com,,,eui-3531313950378403,1
NL-UTC-UTRECHTLR,200,1,desk,1050,NL-UTC-UTRECHTLROF_CDM_37_285337,N.1.05.F,0,@capgemini.com,,,eui-3531313951378903,1
NL-UTC-UTRECHTLR,200,1,desk,1050,NL-UTC-UTRECHTLROF_CDM_37_285336,N.1.05.E,0,@capgemini.com,,,eui-3731323060376019,1
NL-UTC-UTRECHTLR,200,1,desk,1050,NL-UTC-UTRECHTLROF_CDM_37_285335,N.1.05.D,0,@capgemini.com,,,eui-3731323063378718,1
NL-UTC-UTRECHTLR,200,1,desk,1050,NL-UTC-UTRECHTLROF_CDM_37_285334,N.1.05.C,0,@capgemini.com,,,eui-3531313952377f03,1
NL-UTC-UTRECHTLR,200,1,desk,1050,NL-UTC-UTRECHTLROF_CDM_37_285333,N.1.05.B,0,@capgemini.com,,,eui-3531313977378003,1
NL-UTC-UTRECHTLR,200,1,desk,1050,NL-UTC-UTRECHTLROF_CDM_37_285418,Z.1.05.C,0,@capgemini.com,,,eui-353131396e378103,1
NL-UTC-UTRECHTLR,200,1,desk,1050,NL-UTC-UTRECHTLROF_CDM_37_285331,N.1.05.Q,0,@capgemini.com,,,eui-3531313980378103,1
NL-UTC-UTRECHTLR,200,1,desk,1050,NL-UTC-UTRECHTLROF_CDM_37_285330,N.1.05.P,0,@capgemini.com,,,eui-3531313969378003,1
NL-UTC-UTRECHTLR,200,1,desk,1050,NL-UTC-UTRECHTLROF_CDM_37_285329,N.1.05.O,0,@capgemini.com,,,eui-3731323066376219,1
NL-UTC-UTRECHTLR,200,1,desk,1050,NL-UTC-UTRECHTLROF_CDM_37_285410,Z.1.05.L,0,@capgemini.com,,,eui-3531313964378503,1
NL-UTC-UTRECHTLR,200,1,desk,1050,NL-UTC-UTRECHTLROF_CDM_37_285327,N.1.05.M,0,@capgemini.com,,,eui-3531313952378403,1
NL-UTC-UTRECHTLR,200,1,desk,1050,NL-UTC-UTRECHTLROF_CDM_37_285326,N.1.05.L,0,@capgemini.com,,,eui-3531313950377f03,1
NL-UTC-UTRECHTLR,200,1,desk,1050,NL-UTC-UTRECHTLROF_CDM_37_285325,N.1.05.K,0,@capgemini.com,,,eui-3531313955377f03,1
NL-UTC-UTRECHTLR,200,1,desk,1050,NL-UTC-UTRECHTLROF_CDM_37_285401,Z.1.04.D,0,@capgemini.com,,,eui-353131395a378303,1
NL-UTC-UTRECHTLR,200,1,desk,1050,NL-UTC-UTRECHTLROF_CDM_37_285323,N.1.05.A,0,@capgemini.com,,,eui-3731323062376019,1
NL-UTC-UTRECHTLR,200,1,desk,1050,NL-UTC-UTRECHTLROF_CDM_37_285322,N.1.04.i,0,@capgemini.com,,,eui-353131396a378003,1
NL-UTC-UTRECHTLR,200,1,desk,1050,NL-UTC-UTRECHTLROF_CDM_37_285395,Z.1.04.K,0,@capgemini.com,,,eui-353131396d378103,1
NL-UTC-UTRECHTLR,200,1,desk,1050,NL-UTC-UTRECHTLROF_CDM_37_285392,Z.1.03.F,0,@capgemini.com,,,eui-373132306e377818,1
NL-UTC-UTRECHTLR,200,1,desk,1050,NL-UTC-UTRECHTLROF_CDM_37_285319,N.1.04.F,0,@capgemini.com,,,eui-3531313955378803,1
NL-UTC-UTRECHTLR,200,1,desk,1050,NL-UTC-UTRECHTLROF_CDM_37_285318,N.1.04.E,0,@capgemini.com,,,eui-353131395e378303,1
NL-UTC-UTRECHTLR,200,1,desk,1050,NL-UTC-UTRECHTLROF_CDM_37_285386,Z.1.01.i,0,@capgemini.com,,,eui-353131397f378103,1
NL-UTC-UTRECHTLR,200,1,desk,1050,NL-UTC-UTRECHTLROF_CDM_37_285384,Z.1.01.G,0,@capgemini.com,,,eui-353131396737940c,1
NL-UTC-UTRECHTLR,200,1,desk,1050,NL-UTC-UTRECHTLROF_CDM_37_285315,N.1.04.A,0,@capgemini.com,,,eui-3731323078376c18,1
NL-UTC-UTRECHTLR,200,1,desk,1050,NL-UTC-UTRECHTLROF_CDM_37_285380,Z.1.01.C,0,@capgemini.com,,,eui-3531313951376902,1
NL-UTC-UTRECHTLR,200,1,desk,1050,NL-UTC-UTRECHTLROF_CDM_37_285305,N.1.01.H,0,@capgemini.com,,,eui-3531313968378703,1
NL-UTC-UTRECHTLR,200,1,desk,1050,NL-UTC-UTRECHTLROF_CDM_37_285376,Z.1.01.L,0,@capgemini.com,,,eui-373132306a378618,1
NL-UTC-UTRECHTLR,200,1,desk,1050,NL-UTC-UTRECHTLROF_CDM_37_285303,N.1.01.F,0,@capgemini.com,,,eui-3731323051378718,1
NL-UTC-UTRECHTLR,200,1,desk,1050,NL-UTC-UTRECHTLROF_CDM_37_285302,N.1.01.E,0,@capgemini.com,,,eui-3531313969378f03,1
NL-UTC-UTRECHTLR,200,1,desk,1050,NL-UTC-UTRECHTLROF_CDM_37_285301,N.1.01.D,0,@capgemini.com,,,eui-3731323058376619,1
NL-UTC-UTRECHTLR,200,1,desk,1050,NL-UTC-UTRECHTLROF_CDM_37_285300,N.1.01.C,0,@capgemini.com,,,eui-3531313964378803,1
NL-UTC-UTRECHTLR,200,1,desk,1050,NL-UTC-UTRECHTLROF_CDM_37_285299,N.1.01.B,0,@capgemini.com,,,eui-353131397c377e03,1
NL-UTC-UTRECHTLR,200,1,desk,1050,NL-UTC-UTRECHTLROF_CDM_37_285296,N.1.01.N,0,@capgemini.com,,,eui-353131396f378803,1
NL-UTC-UTRECHTLR,200,1,desk,1050,NL-UTC-UTRECHTLROF_CDM_37_285295,N.1.01.M,0,@capgemini.com,,,eui-3531313979378203,1
NL-UTC-UTRECHTLR,200,1,desk,1050,NL-UTC-UTRECHTLROF_CDM_37_285294,N.1.01.L,0,@capgemini.com,,,eui-3531313962378803,1
NL-UTC-UTRECHTLR,200,1,desk,1050,NL-UTC-UTRECHTLROF_CDM_37_285293,N.1.01.K,0,@capgemini.com,,,eui-3731323057376619,1
NL-UTC-UTRECHTLR,200,1,desk,1050,NL-UTC-UTRECHTLROF_CDM_37_285352,N.1.17.F,0,@capgemini.com,,,eui-373132305c376519,1
NL-UTC-UTRECHTLR,200,1,desk,1050,NL-UTC-UTRECHTLROF_CDM_37_285291,N.1.01.A,0,@capgemini.com,,,eui-353131396f378f03,1
NL-UTC-UTRECHTLR,200,1,desk,1050,NL-UTC-UTRECHTLROF_CDM_37_285348,N.1.17.B,0,@capgemini.com,,,eui-3731323057376219,1
NL-UTC-UTRECHTLR,200,1,desk,1050,NL-UTC-UTRECHTLROF_CDM_37_285289,M.1.03.H,0,@capgemini.com,,,eui-353131394f378003,1
NL-UTC-UTRECHTLR,200,1,desk,1050,NL-UTC-UTRECHTLROF_CDM_37_285344,N.1.06.D,0,@capgemini.com,,,eui-3531313976378303,1
NL-UTC-UTRECHTLR,200,1,desk,1050,NL-UTC-UTRECHTLROF_CDM_37_285287,M.1.03.L,0,@capgemini.com,,,eui-3531313968378803,1
NL-UTC-UTRECHTLR,200,1,desk,1050,NL-UTC-UTRECHTLROF_CDM_37_285340,N.1.05.i,0,@capgemini.com,,,eui-3531313957378303,1
NL-UTC-UTRECHTLR,200,1,desk,1050,NL-UTC-UTRECHTLROF_CDM_37_285285,M.1.03.J,0,@capgemini.com,,,eui-3338383970376409,1
NL-UTC-UTRECHTLR,200,1,desk,1050,NL-UTC-UTRECHTLROF_CDM_37_285284,M.1.03.F,0,@capgemini.com,,,eui-3531313957377e03,1
NL-UTC-UTRECHTLR,200,1,desk,1050,NL-UTC-UTRECHTLROF_CDM_37_285283,M.1.03.E,0,@capgemini.com,,,eui-3531313977378703,1
NL-UTC-UTRECHTLR,200,1,desk,1050,NL-UTC-UTRECHTLROF_CDM_37_285332,N.1.05.R,0,@capgemini.com,,,eui-3531313974378f03,1
NL-UTC-UTRECHTLR,200,1,desk,1050,NL-UTC-UTRECHTLROF_CDM_37_285281,M.1.03.C,0,@capgemini.com,,,eui-373132305c376719,1
NL-UTC-UTRECHTLR,200,1,desk,1050,NL-UTC-UTRECHTLROF_CDM_37_285328,N.1.05.N,0,@capgemini.com,,,eui-353131394d377f03,1
NL-UTC-UTRECHTLR,200,1,desk,1050,NL-UTC-UTRECHTLROF_CDM_37_285279,M.1.03.A,0,@capgemini.com,,,eui-353131396f378903,1
NL-UTC-UTRECHTLR,200,1,desk,1050,NL-UTC-UTRECHTLROF_CDM_37_285324,N.1.05.J,0,@capgemini.com,,,eui-3531313974378402,1
NL-UTC-UTRECHTLR,200,1,desk,1050,NL-UTC-UTRECHTLROF_CDM_37_285321,N.1.04.H,0,@capgemini.com,,,eui-3531313967377f03,1
NL-UTC-UTRECHTLR,200,1,desk,1050,NL-UTC-UTRECHTLROF_CDM_37_285317,N.1.04.D,0,@capgemini.com,,,eui-353131396d378603,1
NL-UTC-UTRECHTLR,200,1,desk,1050,NL-UTC-UTRECHTLROF_CDM_37_285306,N.1.01.i,0,@capgemini.com,,,eui-3731323053378618,1
NL-UTC-UTRECHTLR,200,1,desk,1050,NL-UTC-UTRECHTLROF_CDM_37_285304,N.1.01.G,0,@capgemini.com,,,eui-333838396e376409,1
NL-UTC-UTRECHTLR,200,1,desk,1050,NL-UTC-UTRECHTLROF_CDM_37_285292,N.1.01.J,0,@capgemini.com,,,eui-373132305b376119,1
NL-UTC-UTRECHTLR,200,1,desk,1050,NL-UTC-UTRECHTLROF_CDM_37_285290,M.1.03.i,0,@capgemini.com,,,eui-3731323050378418,1
NL-UTC-UTRECHTLR,200,1,desk,1050,NL-UTC-UTRECHTLROF_CDM_37_285288,M.1.03.G,0,@capgemini.com,,,eui-3531313952378903,1
NL-UTC-UTRECHTLR,200,1,desk,1050,NL-UTC-UTRECHTLROF_CDM_37_285286,M.1.03.K,0,@capgemini.com,,,eui-3531313951378403,1
NL-UTC-UTRECHTLR,200,1,room_conference,4,NL-UTC-UTRECHTLROF_CDM_10_285234,Z.1.02.5,0,@capgemini.com,,,eui-333437395b377309,1
NL-UTC-UTRECHTLR,200,1,desk,1050,NL-UTC-UTRECHTLROF_CDM_37_285282,M.1.03.D,0,@capgemini.com,,,eui-353131396b378703,1
NL-UTC-UTRECHTLR,200,1,desk,1050,NL-UTC-UTRECHTLROF_CDM_37_285280,M.1.03.B,0,@capgemini.com,,,eui-3531313968378c03,1
NL-UTC-UTRECHTLR,200,1,desk,1050,NL-UTC-UTRECHTLROF_CDM_37_285278,M.1.02.i,0,@capgemini.com,,,eui-3531313971377f03,1
NL-UTC-UTRECHTLR,200,1,desk,1050,NL-UTC-UTRECHTLROF_CDM_37_285320,N.1.04.G,0,@capgemini.com,,,eui-353131396c378303,1
NL-UTC-UTRECHTLR,200,1,desk,1050,NL-UTC-UTRECHTLROF_CDM_37_285316,N.1.04.J,0,@capgemini.com,,,eui-373132306c376019,1
